monthly_hours,TariffRate,electricity_bill
384,8.4,3225.6000000000004
488,7.8,3806.4
416,7.7,3203.2000000000003
475,9.2,4370.0
457,9.2,4204.4
471,7.4,3485.4
755,8.5,6417.5
492,8.5,4182.0
546,8.5,4641.0
578,7.6,4392.8
450,7.9,3555.0
493,9.2,4535.599999999999
492,8.4,4132.8
565,7.9,4463.5
414,8.2,3394.8
594,8.9,5286.6
349,8.8,3071.2000000000003
355,7.6,2698.0
467,8.5,3969.5
646,8.5,5491.0
476,9.2,4379.2
659,7.4,4876.6
631,8.1,5111.099999999999
395,8.1,3199.5
480,8.2,3936.0
678,8.9,6034.2
664,8.1,5378.4
515,8.9,4583.5
509,8.1,4122.9
679,8.1,5499.9
564,8.4,4737.6
412,9.2,3790.4
468,8.1,3790.8
452,8.7,3932.4
447,9.1,4067.7
361,8.5,3068.5
442,8.3,3668.6
307,8.2,2517.4
494,8.2,4050.8
699,9.1,6360.9
549,7.7,4227.3
385,8.3,3195.5000000000005
491,8.5,4173.5
646,7.6,4909.599999999999
546,8.9,4859.400000000001
636,7.8,4960.8
401,8.7,3488.7
360,7.6,2736.0
539,7.8,4204.2
577,9.3,5366.1
673,8.5,5720.5
443,8.7,3854.1
398,8.3,3303.4
653,9.3,6072.900000000001
421,8.4,3536.4
421,8.8,3704.8
650,8.8,5720.000000000001
484,7.9,3823.6
737,8.2,6043.4
405,9.2,3726.0
458,8.4,3847.2
466,7.6,3541.6
456,8.4,3830.4
394,9.2,3624.8
263,8.2,2156.6
490,9.2,4508.0
476,7.7,3665.2
577,7.7,4442.900000000001
533,7.8,4157.4
495,9.3,4603.5
399,7.7,3072.3
604,8.7,5254.799999999999
653,8.7,5681.099999999999
512,8.2,4198.4
468,8.2,3837.6
563,8.7,4898.099999999999
496,8.7,4315.2
500,8.4,4200.0
502,8.4,4216.8
616,7.7,4743.2
589,8.1,4770.9
595,8.4,4998.0
487,7.9,3847.3
512,7.4,3788.8
388,8.4,3259.2000000000003
437,9.2,4020.4
656,8.5,5576.0
300,8.4,2520.0
523,7.6,3974.8
565,8.4,4746.0
561,7.7,4319.7
628,9.2,5777.599999999999
560,8.2,4592.0
425,8.4,3570.0
632,7.8,4929.599999999999
560,9.1,5096.0
389,8.1,3150.9
576,8.9,5126.400000000001
340,7.6,2584.0
417,8.4,3502.8
503,9.3,4677.900000000001
561,8.5,4768.5
588,9.3,5468.400000000001
584,8.1,4730.4
771,8.8,6784.8
643,8.2,5272.599999999999
552,7.8,4305.599999999999
683,8.8,6010.400000000001
436,7.8,3400.8
681,9.2,6265.2
668,8.7,5811.599999999999
381,8.8,3352.8
643,9.3,5979.900000000001
495,7.8,3861.0
544,8.2,4460.799999999999
675,7.7,5197.5
665,8.4,5586.0
243,9.3,2259.9
735,7.8,5733.0
587,9.1,5341.7
287,7.9,2267.3
756,7.4,5594.400000000001
460,8.1,3726.0
480,9.2,4416.0
345,8.2,2828.9999999999995
545,9.1,4959.5
407,8.8,3581.6000000000004
389,8.9,3462.1000000000004
519,8.2,4255.799999999999
662,8.1,5362.2
302,8.3,2506.6000000000004
582,8.5,4947.0
346,8.8,3044.8
506,8.9,4503.400000000001
487,8.1,3944.7
476,8.5,4046.0
373,9.1,3394.3
599,8.2,4911.799999999999
422,9.3,3924.6
351,7.6,2667.6
512,8.5,4352.0
569,7.6,4324.4
776,8.2,6363.2
467,8.1,3782.7
696,8.4,5846.400000000001
357,8.3,2963.1000000000004
325,8.9,2892.5
717,8.9,6381.3
419,9.1,3812.9
478,7.8,3728.4
548,7.6,4164.8
508,8.7,4419.599999999999
299,7.8,2332.2
537,8.2,4403.4
473,9.2,4351.599999999999
449,7.9,3547.1000000000004
618,7.7,4758.6
540,8.2,4428.0
530,8.1,4293.0
578,8.8,5086.400000000001
418,7.9,3302.2000000000003
406,7.4,3004.4
521,9.3,4845.3
458,7.9,3618.2
666,8.8,5860.8
325,9.2,2989.9999999999995
684,9.3,6361.200000000001
491,9.1,4468.099999999999
528,8.1,4276.8
742,7.6,5639.2
768,9.3,7142.400000000001
503,8.7,4376.099999999999
536,9.3,4984.8
472,7.4,3492.8
634,7.6,4818.4
438,8.5,3723.0
701,8.1,5678.099999999999
462,8.3,3834.6
601,7.9,4747.900000000001
408,7.4,3019.2000000000003
463,8.4,3889.2
602,8.4,5056.8
635,7.7,4889.5
563,7.7,4335.1
726,8.9,6461.400000000001
412,8.8,3625.6
675,7.9,5332.5
385,9.2,3541.9999999999995
744,7.6,5654.4
410,7.8,3198.0
591,7.6,4491.599999999999
521,8.8,4584.8
596,8.8,5244.8
415,8.3,3444.5000000000005
503,7.8,3923.4
526,7.9,4155.400000000001
377,8.9,3355.3
376,8.8,3308.8
724,8.9,6443.6
707,8.1,5726.7
365,8.7,3175.4999999999995
308,8.3,2556.4
543,8.7,4724.099999999999
355,8.3,2946.5000000000005
502,7.8,3915.6
455,8.3,3776.500000000001
543,7.9,4289.7
461,8.1,3734.1
633,8.4,5317.2
480,9.1,4368.0
348,8.7,3027.6
623,7.8,4859.4
465,8.3,3859.500000000001
371,8.3,3079.3
561,7.9,4431.900000000001
673,8.8,5922.400000000001
535,7.4,3959.0
513,9.1,4668.3
460,7.9,3634.0
483,8.2,3960.6
370,8.4,3108.0
678,8.4,5695.2
459,7.7,3534.3
717,7.6,5449.2
617,8.8,5429.6
488,9.3,4538.400000000001
614,7.9,4850.6
556,7.4,4114.400000000001
301,8.7,2618.7
569,9.1,5177.9
527,8.8,4637.6
322,7.8,2511.6
712,7.6,5411.2
442,8.2,3624.4
509,8.2,4173.799999999999
648,8.9,5767.2
394,8.8,3467.2000000000003
487,9.2,4480.4
504,8.3,4183.200000000001
514,8.5,4369.0
741,7.6,5631.599999999999
407,7.8,3174.6
522,9.1,4750.2
506,7.6,3845.6
420,8.8,3696.000000000001
735,7.4,5439.0
577,9.1,5250.7
397,9.1,3612.7
640,9.2,5888.0
395,8.9,3515.5
626,7.6,4757.599999999999
749,7.4,5542.6
594,8.4,4989.6
570,8.9,5073.0
719,9.2,6614.799999999999
468,9.2,4305.599999999999
589,8.2,4829.799999999999
689,7.6,5236.4
802,9.1,7298.2
650,9.1,5915.0
308,8.4,2587.2000000000003
743,8.3,6166.900000000001
528,8.8,4646.400000000001
600,7.8,4680.0
512,8.8,4505.6
486,8.8,4276.8
267,8.3,2216.1000000000004
299,8.7,2601.3
449,8.7,3906.3
602,8.7,5237.4
713,9.3,6630.900000000001
626,8.7,5446.2
383,8.5,3255.5
246,8.3,2041.8
564,8.9,5019.6
527,8.2,4321.4
515,9.1,4686.5
424,7.4,3137.6000000000004
427,7.4,3159.8
568,8.8,4998.400000000001
647,9.3,6017.1
474,7.8,3697.2
485,7.8,3783.0
426,9.3,3961.8
192,8.2,1574.4
408,7.8,3182.4
717,9.1,6524.7
403,7.8,3143.4
691,8.2,5666.2
518,8.8,4558.400000000001
311,9.1,2830.1
369,8.2,3025.8
585,8.2,4797.0
615,8.5,5227.5
496,7.8,3868.8
470,7.4,3478.0
601,9.2,5529.2
608,8.1,4924.8
536,7.4,3966.4
505,8.4,4242.0
622,8.2,5100.4
404,7.7,3110.8
427,7.8,3330.6
450,8.3,3735.000000000001
706,8.8,6212.8
888,8.7,7725.599999999999
509,7.6,3868.4
557,8.8,4901.6
572,8.5,4862.0
494,7.9,3902.6
508,8.9,4521.2
542,7.7,4173.400000000001
665,7.7,5120.5
362,8.2,2968.4
658,7.7,5066.6
690,9.2,6347.999999999999
521,8.3,4324.3
474,8.5,4029.0
553,7.9,4368.7
462,8.9,4111.8
584,8.3,4847.200000000001
387,7.7,2979.9
341,7.4,2523.4
375,7.8,2925.0
610,8.4,5124.0
485,7.6,3686.0
452,9.2,4158.4
605,9.1,5505.5
508,7.6,3860.8
432,8.2,3542.4
445,8.9,3960.5
689,8.5,5856.5
545,7.6,4142.0
276,9.3,2566.8
512,8.1,4147.2
411,8.5,3493.5
218,8.8,1918.4
446,7.8,3478.8
678,7.4,5017.2
749,9.2,6890.799999999999
477,9.3,4436.1
510,8.7,4437.0
552,8.5,4692.0
522,8.2,4280.4
743,7.6,5646.8
493,8.8,4338.400000000001
451,9.3,4194.3
381,7.8,2971.8
395,9.1,3594.5
508,8.4,4267.2
556,7.9,4392.400000000001
608,7.6,4620.8
598,7.8,4664.4
253,8.4,2125.2000000000003
429,7.9,3389.1000000000004
683,7.7,5259.1
470,9.2,4324.0
472,9.1,4295.2
376,7.6,2857.6
558,8.3,4631.400000000001
432,8.5,3672.0
294,8.8,2587.2000000000003
254,7.6,1930.4
597,8.7,5193.9
548,7.4,4055.2
411,8.4,3452.4
523,8.5,4445.5
438,8.8,3854.4
331,7.6,2515.6
372,9.1,3385.2
478,8.5,4063.0
607,8.9,5402.3
323,8.8,2842.4
236,7.6,1793.6
284,8.2,2328.8
484,7.8,3775.2
641,7.8,4999.8
424,8.3,3519.2000000000003
361,7.7,2779.7000000000003
546,9.3,5077.8
524,8.9,4663.6
629,8.2,5157.799999999999
664,7.4,4913.6
384,9.2,3532.8
587,7.7,4519.900000000001
363,7.6,2758.8
396,8.3,3286.8
421,8.5,3578.5
432,8.9,3844.8
529,8.8,4655.200000000001
600,8.5,5100.0
494,9.1,4495.4
454,8.3,3768.2
492,8.2,4034.4
456,8.9,4058.4
655,7.4,4847.0
228,9.2,2097.6
474,9.3,4408.200000000001
661,8.7,5750.7
611,7.7,4704.7
631,7.9,4984.900000000001
532,7.4,3936.8
741,8.7,6446.7
553,8.1,4479.3
638,7.7,4912.6
520,7.8,4056.0
539,7.9,4258.1
558,8.9,4966.2
598,8.2,4903.599999999999
685,8.2,5616.999999999999
456,7.4,3374.4
469,9.2,4314.799999999999
509,8.4,4275.6
590,7.7,4543.0
646,9.3,6007.8
535,8.4,4494.0
500,8.1,4050.0
419,8.7,3645.3
490,8.1,3969.0
627,9.2,5768.4
465,7.7,3580.5
501,7.4,3707.4
503,8.4,4225.2
478,7.4,3537.2000000000003
328,7.4,2427.2000000000003
528,7.6,4012.8
660,8.3,5478.000000000001
475,8.8,4180.0
490,8.4,4116.0
400,8.4,3360.0
722,8.3,5992.6
440,8.2,3608.0
613,9.3,5700.900000000001
493,7.8,3845.4
666,8.5,5661.0
525,8.3,4357.5
280,7.4,2072.0
543,9.3,5049.900000000001
704,7.9,5561.6
513,7.8,4001.4
658,7.9,5198.2
552,8.9,4912.8
398,7.9,3144.2000000000003
532,8.8,4681.6
557,8.9,4957.3
476,7.6,3617.6
634,8.1,5135.4
733,7.9,5790.7
552,8.3,4581.6
697,8.2,5715.4
384,7.6,2918.4
684,8.4,5745.6
567,8.8,4989.6
585,7.9,4621.5
539,7.6,4096.4
563,9.3,5235.900000000001
582,7.6,4423.2
553,8.5,4700.5
508,8.1,4114.8
547,8.1,4430.7
452,9.1,4113.2
534,8.2,4378.799999999999
480,8.3,3984.000000000001
590,9.1,5369.0
495,9.1,4504.5
557,7.9,4400.3
483,8.7,4202.099999999999
697,9.3,6482.1
486,8.9,4325.400000000001
561,8.4,4712.400000000001
672,8.5,5712.0
501,7.9,3957.9
521,8.1,4220.099999999999
227,7.9,1793.3000000000002
319,8.5,2711.5
531,7.6,4035.6
532,8.2,4362.4
715,7.6,5434.0
567,8.2,4649.4
487,8.8,4285.6
350,8.9,3115.0
439,8.1,3555.9
549,8.4,4611.6
525,8.7,4567.5
452,7.4,3344.8
532,7.6,4043.2
341,8.9,3034.9
294,8.9,2616.6
398,7.7,3064.6
589,8.9,5242.1
482,8.4,4048.8
580,9.3,5394.0
715,8.9,6363.5
298,8.4,2503.2000000000003
541,8.3,4490.3
493,7.9,3894.7
614,7.7,4727.8
417,8.9,3711.3
356,8.2,2919.2
451,8.8,3968.8
762,8.9,6781.8
361,7.9,2851.9
411,8.1,3329.1
631,8.7,5489.7
389,8.3,3228.7000000000003
607,8.7,5280.9
700,8.9,6230.0
444,8.4,3729.6
681,8.7,5924.7
525,8.4,4410.0
517,7.4,3825.8
306,8.7,2662.2
838,8.1,6787.799999999999
456,7.8,3556.8
448,8.2,3673.6
389,8.4,3267.6000000000004
495,8.4,4158.0
619,9.1,5632.9
600,7.6,4560.0
589,8.7,5124.299999999999
812,8.3,6739.6
544,8.9,4841.6
464,7.8,3619.2
497,8.7,4323.9
388,8.1,3142.8
431,8.5,3663.5
587,8.2,4813.4
639,8.2,5239.799999999999
611,8.2,5010.2
789,7.8,6154.2
508,7.9,4013.2
524,8.8,4611.200000000001
533,8.9,4743.7
579,7.8,4516.2
431,8.3,3577.3
443,9.2,4075.6
593,8.5,5040.5
734,8.1,5945.4
685,8.5,5822.5
493,8.9,4387.7
703,7.8,5483.4
650,8.2,5329.999999999999
641,9.1,5833.099999999999
735,8.1,5953.5
470,8.9,4183.0
511,7.4,3781.4
352,7.4,2604.8
512,9.3,4761.6
677,7.4,5009.8
663,8.5,5635.5
733,7.8,5717.4
599,8.8,5271.200000000001
302,8.9,2687.8
441,9.2,4057.2
367,8.7,3192.9
739,7.4,5468.6
422,8.5,3587.0
365,8.5,3102.5
617,9.3,5738.1
569,8.5,4836.5
452,7.8,3525.6
373,8.5,3170.5
547,7.7,4211.900000000001
487,8.3,4042.1
382,8.8,3361.6000000000004
546,8.4,4586.400000000001
712,8.4,5980.8
308,7.6,2340.8
488,7.6,3708.8
334,8.7,2905.8
572,9.2,5262.4
522,8.4,4384.8
709,7.7,5459.3
677,9.1,6160.7
487,9.3,4529.1
819,9.1,7452.9
691,8.4,5804.400000000001
477,8.1,3863.7
603,8.9,5366.7
589,8.3,4888.700000000001
470,8.4,3948.0
563,7.8,4391.4
341,8.8,3000.8
634,8.7,5515.799999999999
499,9.3,4640.700000000001
352,8.8,3097.6000000000004
686,8.1,5556.599999999999
306,8.4,2570.4
673,8.2,5518.599999999999
397,8.8,3493.6000000000004
591,8.2,4846.2
371,7.9,2930.9
455,8.7,3958.5
653,7.9,5158.7
505,8.2,4141.0
640,8.7,5568.0
674,8.9,5998.6
481,8.4,4040.4
363,7.7,2795.1
369,7.7,2841.3
410,9.1,3731.0
503,8.1,4074.3
693,7.7,5336.1
274,9.1,2493.4
213,9.3,1980.9
404,8.1,3272.4
726,9.2,6679.2
727,8.7,6324.9
788,9.3,7328.400000000001
457,7.9,3610.3
610,8.2,5002.0
412,9.3,3831.6
608,9.3,5654.400000000001
344,8.7,2992.8
415,8.5,3527.5
546,9.1,4968.599999999999
477,8.5,4054.5
642,7.8,5007.599999999999
517,9.3,4808.1
489,8.2,4009.8
635,8.5,5397.5
517,7.9,4084.3
489,8.5,4156.5
625,9.2,5750.0
505,8.7,4393.5
344,7.6,2614.4
645,7.4,4773.0
419,8.2,3435.8
536,8.8,4716.8
606,7.6,4605.599999999999
586,7.7,4512.2
498,8.1,4033.8
596,7.8,4648.8
668,8.1,5410.8
884,8.8,7779.200000000001
310,7.8,2418.0
816,8.9,7262.400000000001
677,7.9,5348.3
518,8.2,4247.599999999999
391,9.3,3636.3
502,8.1,4066.2
364,7.9,2875.6
486,8.7,4228.2
580,8.5,4930.0
702,8.5,5967.0
537,8.4,4510.8
386,8.9,3435.4
479,8.5,4071.5
523,9.3,4863.900000000001
483,9.1,4395.3
273,9.3,2538.9
398,9.1,3621.8
286,9.2,2631.2
710,8.2,5821.999999999999
602,9.2,5538.4
612,8.9,5446.8
447,8.1,3620.7
560,9.3,5208.0
534,7.7,4111.8
553,8.7,4811.099999999999
466,9.3,4333.8
496,8.4,4166.400000000001
494,8.9,4396.6
714,8.5,6069.0
309,7.7,2379.3
445,9.2,4094.0
690,8.7,6002.999999999999
350,7.8,2730.0
561,9.3,5217.3
480,9.3,4464.0
669,8.4,5619.6
434,7.8,3385.2
721,8.8,6344.8
577,8.5,4904.5
732,7.7,5636.400000000001
666,8.2,5461.2
562,7.9,4439.8
609,7.8,4750.2
676,8.3,5610.8
311,8.3,2581.3
467,7.9,3689.3
481,8.1,3896.1
409,8.8,3599.2000000000003
587,7.4,4343.8
451,8.3,3743.3
281,8.8,2472.8
317,7.7,2440.9
472,9.2,4342.4
551,9.2,5069.2
500,7.7,3850.0
439,8.5,3731.5
699,7.8,5452.2
623,8.4,5233.2
490,8.8,4312.0
495,7.4,3663.0
599,8.3,4971.700000000001
418,8.7,3636.6
581,9.2,5345.2
507,8.7,4410.9
362,8.8,3185.6000000000004
726,8.7,6316.2
427,8.2,3501.4
432,8.8,3801.6
628,8.7,5463.599999999999
313,7.7,2410.1
412,8.2,3378.4
747,8.9,6648.3
757,7.8,5904.599999999999
466,7.7,3588.2000000000003
517,8.8,4549.6
593,7.6,4506.8
575,7.8,4485.0
558,8.2,4575.599999999999
572,8.2,4690.4
634,9.1,5769.4
442,7.9,3491.8
492,8.1,3985.2
458,9.1,4167.8
533,8.8,4690.400000000001
560,7.9,4424.0
734,7.9,5798.6
426,7.7,3280.2000000000003
656,8.9,5838.400000000001
246,9.2,2263.2
521,8.9,4636.900000000001
317,9.2,2916.4
473,8.2,3878.6
672,8.8,5913.6
546,8.3,4531.8
461,7.9,3641.9
490,9.3,4557.0
576,8.3,4780.8
501,7.8,3907.8
444,7.8,3463.2
612,7.4,4528.8
636,9.1,5787.599999999999
428,9.1,3894.8
400,9.3,3720.000000000001
566,8.4,4754.400000000001
349,8.7,3036.3
587,8.7,5106.9
435,7.8,3393.0
490,8.5,4165.0
362,7.9,2859.8
366,7.9,2891.4
405,8.7,3523.4999999999995
525,8.9,4672.5
649,9.3,6035.700000000001
353,9.2,3247.6
225,9.1,2047.5
564,7.9,4455.6
600,9.2,5520.0
706,7.8,5506.8
752,9.1,6843.2
413,8.5,3510.5
436,7.7,3357.2000000000003
298,7.9,2354.2000000000003
673,7.7,5182.1
530,7.4,3922.0
429,7.7,3303.3
594,9.2,5464.799999999999
334,7.6,2538.4
490,8.9,4361.0
175,7.7,1347.5
607,8.3,5038.1
456,8.5,3876.0
657,8.4,5518.8
493,8.7,4289.099999999999
326,8.7,2836.2
725,8.8,6380.000000000001
491,8.7,4271.7
427,8.4,3586.8
649,7.9,5127.1
364,8.5,3094.0
635,7.4,4699.0
596,7.4,4410.400000000001
537,8.1,4349.7
535,8.7,4654.5
314,8.5,2669.0
395,8.8,3476.0000000000005
513,8.8,4514.400000000001
653,7.6,4962.8
463,9.1,4213.3
479,7.8,3736.2
579,8.9,5153.1
386,8.1,3126.6
578,8.1,4681.8
488,8.1,3952.8
604,8.9,5375.6
228,8.1,1846.8
394,8.4,3309.6000000000004
541,7.8,4219.8
543,9.1,4941.3
338,7.8,2636.4
497,8.5,4224.5
571,9.1,5196.099999999999
455,8.9,4049.5
629,8.9,5598.1
460,9.3,4278.0
805,7.9,6359.5
541,7.7,4165.7
413,7.4,3056.2000000000003
573,8.3,4755.900000000001
552,7.9,4360.8
465,7.9,3673.5
537,8.9,4779.3
560,8.5,4760.0
392,8.9,3488.8
337,9.3,3134.1000000000004
477,8.7,4149.9
488,8.4,4099.2
490,7.9,3871.0
626,8.8,5508.8
453,7.9,3578.7000000000003
503,9.2,4627.599999999999
514,7.6,3906.4
480,7.7,3696.0
638,8.9,5678.2
257,7.6,1953.2
676,8.2,5543.2
633,8.7,5507.099999999999
350,8.2,2869.9999999999995
656,7.7,5051.2
554,8.9,4930.6
675,8.3,5602.500000000001
690,8.5,5865.0
733,9.1,6670.3
438,9.1,3985.8
709,8.7,6168.299999999999
650,7.4,4810.0
350,8.1,2835.0
201,8.7,1748.6999999999998
628,9.1,5714.8
573,9.1,5214.3
529,9.1,4813.9
437,8.3,3627.1
516,8.5,4386.0
675,9.1,6142.5
360,7.4,2664.0
575,7.7,4427.5
409,7.9,3231.1000000000004
187,8.8,1645.6
597,8.9,5313.3
383,8.2,3140.6
389,8.7,3384.3
370,8.3,3071.0000000000005
735,7.7,5659.5
811,9.1,7380.099999999999
695,9.2,6393.999999999999
499,7.6,3792.4
529,8.3,4390.700000000001
636,7.6,4833.599999999999
646,8.4,5426.400000000001
470,7.7,3619.0
732,9.3,6807.6
750,9.2,6899.999999999999
528,8.2,4329.599999999999
568,9.1,5168.8
278,7.8,2168.4
407,7.4,3011.8
584,7.4,4321.6
267,8.5,2269.5
578,7.8,4508.4
519,7.7,3996.3
571,8.3,4739.3
569,8.3,4722.700000000001
588,8.7,5115.599999999999
524,7.7,4034.8
450,7.6,3420.0
698,8.1,5653.8
392,8.8,3449.6000000000004
692,9.1,6297.2
574,8.9,5108.6
397,8.4,3334.8
749,7.9,5917.1
393,7.7,3026.1
612,9.1,5569.2
533,7.7,4104.1
551,9.1,5014.099999999999
403,7.7,3103.1
601,7.8,4687.8
469,8.9,4174.1
511,7.8,3985.8
644,8.3,5345.200000000001
661,8.5,5618.5
544,9.3,5059.200000000001
352,8.7,3062.4
632,8.1,5119.2
482,8.9,4289.8
651,9.1,5924.099999999999
331,9.3,3078.3
714,7.8,5569.2
405,8.3,3361.5000000000005
508,8.5,4318.0
457,8.8,4021.6
358,9.1,3257.8
225,8.3,1867.5
678,8.1,5491.8
366,7.6,2781.6
396,7.7,3049.2000000000003
527,7.6,4005.2
345,8.7,3001.4999999999995
414,9.3,3850.2
553,7.8,4313.4
501,8.7,4358.7
495,8.9,4405.5
414,9.2,3808.8
423,8.3,3510.9
656,7.6,4985.599999999999
292,7.9,2306.8
588,8.3,4880.400000000001
522,8.3,4332.6
705,9.1,6415.5
462,8.7,4019.4
545,9.3,5068.5
715,8.8,6292.000000000001
688,8.3,5710.400000000001
756,9.2,6955.2
619,8.3,5137.700000000001
671,8.4,5636.400000000001
287,9.2,2640.4
615,8.3,5104.5
388,8.2,3181.6
525,7.6,3990.0
695,9.3,6463.500000000001
410,8.7,3566.9999999999995
292,8.1,2365.2
522,8.8,4593.6
467,7.6,3549.2
627,8.4,5266.8
669,7.8,5218.2
538,7.6,4088.8
490,8.7,4263.0
344,7.7,2648.8
643,8.9,5722.7
573,9.3,5328.900000000001
491,8.9,4369.900000000001
611,7.9,4826.900000000001
459,7.8,3580.2
700,7.9,5530.0
505,8.1,4090.5
584,8.5,4964.0
525,9.3,4882.5
263,7.6,1998.8
513,8.2,4206.599999999999
583,8.9,5188.7
576,9.1,5241.599999999999
379,8.2,3107.8
491,7.7,3780.7
595,7.4,4403.0
661,8.9,5882.900000000001
296,8.5,2516.0
459,7.4,3396.6000000000004
447,8.4,3754.8
640,8.4,5376.0
398,8.1,3223.8
743,9.2,6835.599999999999
514,8.3,4266.200000000001
686,8.8,6036.8
501,9.2,4609.2
481,8.5,4088.5
681,8.1,5516.099999999999
210,7.4,1554.0
507,9.2,4664.4
605,7.7,4658.5
657,7.8,5124.599999999999
578,8.9,5144.2
557,8.3,4623.1
597,8.3,4955.1
494,7.7,3803.8
621,7.6,4719.599999999999
630,7.7,4851.0
658,8.7,5724.599999999999
799,8.4,6711.6
411,7.9,3246.9
258,9.3,2399.4
524,7.4,3877.6
625,8.3,5187.5
501,8.4,4208.400000000001
395,8.3,3278.5000000000005
589,7.9,4653.1
730,7.9,5767.0
611,8.7,5315.7
536,9.2,4931.2
594,7.7,4573.8
300,7.9,2370.0
555,8.8,4884.0
602,8.1,4876.2
507,7.8,3954.6
280,7.8,2184.0
445,8.4,3738.0
634,9.3,5896.200000000001
363,8.2,2976.6
341,9.3,3171.3
478,9.3,4445.400000000001
655,9.1,5960.5
799,9.3,7430.700000000001
715,7.7,5505.5
546,8.2,4477.2
547,7.8,4266.599999999999
705,8.8,6204.000000000001
593,7.9,4684.7
515,8.1,4171.5
413,8.7,3593.1
432,7.6,3283.2
411,8.9,3657.9
451,9.2,4149.2
500,7.6,3800.0
590,8.3,4897.0
462,7.6,3511.2
537,8.8,4725.6
332,8.5,2822.0
533,8.1,4317.3
252,7.9,1990.8
512,7.6,3891.2
541,7.6,4111.599999999999
297,8.2,2435.4
530,9.2,4876.0
427,8.7,3714.9
344,9.3,3199.2000000000003
393,8.4,3301.2000000000003
663,8.7,5768.099999999999
255,8.1,2065.5
352,7.7,2710.4
511,8.3,4241.3
449,8.3,3726.7
524,9.3,4873.200000000001
474,7.4,3507.6000000000004
616,7.8,4804.8
504,8.4,4233.6
368,8.9,3275.2000000000003
678,8.8,5966.400000000001
358,8.3,2971.4
713,8.9,6345.7
306,7.8,2386.8
489,7.9,3863.1
401,9.3,3729.3
662,7.9,5229.8
479,8.7,4167.299999999999
471,8.5,4003.5
236,8.1,1911.6
498,8.5,4233.0
589,8.8,5183.200000000001
521,7.9,4115.900000000001
585,8.1,4738.5
528,8.4,4435.2
746,7.7,5744.2
427,8.3,3544.1000000000004
565,7.6,4294.0
488,7.4,3611.2
670,8.5,5695.0
646,8.2,5297.2
423,7.9,3341.7000000000003
829,7.7,6383.3
546,8.1,4422.599999999999
753,8.4,6325.2
256,8.9,2278.4
568,7.6,4316.8
453,7.7,3488.1
609,7.9,4811.1
362,7.8,2823.6
389,9.3,3617.7
549,8.3,4556.700000000001
383,8.4,3217.2000000000003
437,9.3,4064.1
455,9.3,4231.5
268,7.7,2063.6
676,9.2,6219.2
488,9.2,4489.599999999999
465,7.4,3441.0
444,7.9,3507.6000000000004
399,7.6,3032.4
651,8.9,5793.900000000001
507,7.4,3751.8
413,7.9,3262.7000000000003
316,9.2,2907.2
814,9.2,7488.799999999999
540,9.1,4914.0
553,7.7,4258.1
603,7.4,4462.2
584,8.4,4905.6
385,8.2,3156.9999999999995
556,9.1,5059.599999999999
489,8.9,4352.1
474,7.9,3744.6
454,7.9,3586.6000000000004
475,8.4,3990.0
711,8.3,5901.3
556,8.1,4503.599999999999
414,7.7,3187.8
524,7.9,4139.6
403,7.4,2982.2000000000003
754,7.8,5881.2
574,8.7,4993.799999999999
313,9.3,2910.9
211,8.9,1877.9
465,8.7,4045.5
364,7.4,2693.6
396,7.4,2930.4
606,8.8,5332.8
464,7.7,3572.8
419,8.8,3687.2
648,7.4,4795.2
314,8.7,2731.8
659,8.5,5601.5
320,9.1,2912.0
530,8.3,4399.0
451,8.9,4013.9
479,8.1,3879.9
680,8.9,6052.0
607,7.7,4673.900000000001
579,9.3,5384.700000000001
478,7.9,3776.2
415,8.9,3693.5
660,9.1,6006.0
388,7.7,2987.6
471,8.1,3815.1
288,7.4,2131.2000000000003
752,8.7,6542.4
386,9.3,3589.8
335,9.3,3115.5000000000005
516,7.8,4024.8
606,8.9,5393.400000000001
606,8.3,5029.8
621,9.2,5713.2
587,8.3,4872.1
522,7.4,3862.8
662,9.2,6090.4
585,8.4,4914.0
403,8.7,3506.1
736,8.5,6256.0
582,7.4,4306.8
582,9.3,5412.6
323,8.9,2874.7000000000003
410,7.4,3034.0
644,8.4,5409.6
529,8.4,4443.6
478,8.4,4015.2
428,7.7,3295.6
495,7.6,3762.0
363,8.5,3085.5
542,7.9,4281.8
448,8.9,3987.2
563,8.4,4729.2
542,9.3,5040.6
635,8.3,5270.5
556,8.4,4670.400000000001
463,8.7,4028.1
489,8.8,4303.200000000001
239,7.4,1768.6
444,7.4,3285.6000000000004
670,7.6,5092.0
471,9.1,4286.099999999999
258,8.5,2193.0
313,7.8,2441.4
444,7.7,3418.8
482,7.4,3566.8
529,7.8,4126.2
343,7.7,2641.1
680,8.8,5984.000000000001
610,8.9,5429.0
522,7.9,4123.8
589,8.4,4947.6
598,9.3,5561.400000000001
527,8.3,4374.1
807,8.8,7101.6
497,7.7,3826.9
386,8.5,3281.0
231,8.8,2032.8
490,7.7,3773.0
480,8.4,4032.0
507,7.7,3903.9
504,8.1,4082.4
590,9.2,5428.0
487,7.7,3749.9
438,8.4,3679.2
664,7.6,5046.4
622,8.3,5162.6
565,9.2,5198.0
420,8.9,3738.0
481,7.4,3559.4
334,9.3,3106.2000000000003
337,7.4,2493.8
391,7.6,2971.6
780,9.3,7254.000000000001
525,8.5,4462.5
284,9.2,2612.8
551,8.1,4463.099999999999
709,8.5,6026.5
440,7.8,3432.0
495,8.5,4207.5
494,7.6,3754.4
426,7.8,3322.8
413,9.1,3758.3
462,9.3,4296.6
441,8.7,3836.7
442,8.1,3580.2
284,7.4,2101.6
445,7.8,3471.0
489,7.7,3765.3
687,9.1,6251.7
490,7.6,3724.0
626,9.3,5821.8
458,9.2,4213.599999999999
553,9.1,5032.3
397,8.1,3215.7
433,7.8,3377.4
704,8.2,5772.799999999999
458,8.5,3893.0
422,9.2,3882.4
365,7.9,2883.5
569,9.3,5291.700000000001
431,9.1,3922.1
611,7.8,4765.8
409,7.6,3108.4
468,8.8,4118.400000000001
516,8.8,4540.8
563,8.3,4672.900000000001
425,8.2,3484.9999999999995
370,7.4,2738.0
346,8.9,3079.4
451,9.1,4104.099999999999
636,8.2,5215.2
545,7.8,4251.0
511,8.4,4292.400000000001
411,8.3,3411.3
594,7.6,4514.4
600,8.7,5220.0
462,9.1,4204.2
374,7.8,2917.2
412,8.7,3584.4
508,7.8,3962.4
497,8.4,4174.8
633,7.8,4937.4
757,8.9,6737.3
422,7.6,3207.2
452,8.8,3977.6
574,8.8,5051.200000000001
545,8.1,4414.5
512,7.7,3942.4
634,9.2,5832.799999999999
428,8.1,3466.8
434,8.2,3558.8
575,8.7,5002.5
396,9.2,3643.2
414,8.9,3684.6
444,8.1,3596.4
534,9.2,4912.799999999999
445,7.4,3293.0
401,8.1,3248.1
459,9.2,4222.799999999999
587,7.6,4461.2
688,7.4,5091.2
332,9.1,3021.2
730,8.5,6205.0
557,7.6,4233.2
316,8.3,2622.8
673,7.4,4980.2
596,8.3,4946.8
543,7.8,4235.4
211,9.2,1941.2
383,7.6,2910.8
374,8.2,3066.8
404,8.8,3555.2000000000003
699,8.5,5941.5
306,7.4,2264.4
612,8.5,5202.0
327,9.1,2975.7
388,7.6,2948.8
533,8.3,4423.900000000001
544,8.8,4787.200000000001
418,7.7,3218.6
460,8.8,4048.000000000001
705,7.9,5569.5
518,7.9,4092.2
582,8.8,5121.6
612,8.4,5140.8
384,7.9,3033.6000000000004
485,8.8,4268.0
340,9.1,3094.0
660,8.9,5874.0
507,8.9,4512.3
595,8.3,4938.5
407,8.1,3296.7
701,8.3,5818.3
683,8.2,5600.599999999999
562,8.8,4945.6
384,8.3,3187.2000000000003
596,9.2,5483.2
612,8.3,5079.6
746,9.2,6863.2
653,8.9,5811.7
392,7.9,3096.8
490,8.3,4067.000000000001
665,8.2,5452.999999999999
537,7.8,4188.599999999999
381,8.1,3086.1
742,7.9,5861.8
539,8.1,4365.9
453,8.5,3850.5
581,9.1,5287.099999999999
665,9.3,6184.500000000001
674,7.6,5122.4
628,8.2,5149.599999999999
581,7.8,4531.8
600,8.4,5040.0
750,7.6,5700.0
550,7.8,4290.0
407,7.7,3133.9
528,7.4,3907.2
558,8.4,4687.2
472,8.3,3917.6
475,7.6,3610.0
520,8.8,4576.0
639,8.1,5175.9
497,7.8,3876.6
598,8.8,5262.400000000001
233,7.6,1770.8
553,8.3,4589.900000000001
314,9.2,2888.8
296,8.1,2397.6
596,8.7,5185.2
439,8.8,3863.2
555,9.1,5050.5
639,7.7,4920.3
652,8.9,5802.8
576,7.7,4435.2
642,7.9,5071.8
592,8.2,4854.4
500,8.8,4400.0
544,7.7,4188.8
577,8.9,5135.3
743,9.3,6909.900000000001
321,9.1,2921.1
510,8.8,4488.0
498,8.2,4083.6
347,9.2,3192.4
737,7.9,5822.3
645,8.1,5224.5
545,8.7,4741.5
378,8.4,3175.2000000000003
367,7.9,2899.3
524,8.5,4454.0
376,8.2,3083.2
753,8.8,6626.400000000001
284,8.7,2470.8
565,8.2,4633.0
477,9.1,4340.7
520,9.2,4784.0
488,8.9,4343.2
413,7.7,3180.1
511,9.1,4650.099999999999
387,8.3,3212.1000000000004
404,8.4,3393.6000000000004
218,7.9,1722.2
461,8.4,3872.4
748,8.8,6582.400000000001
704,8.5,5984.0
642,8.2,5264.4
554,7.7,4265.8
497,9.3,4622.1
337,7.8,2628.6
469,8.8,4127.200000000001
409,8.9,3640.1
206,9.2,1895.2
533,9.1,4850.3
414,8.5,3519.0
562,9.3,5226.6
384,7.4,2841.6000000000004
449,8.9,3996.1
543,8.4,4561.2
564,8.7,4906.799999999999
530,9.1,4823.0
407,8.7,3540.9
644,7.9,5087.6
542,8.2,4444.4
827,9.3,7691.1
251,9.1,2284.1
652,7.9,5150.8
554,8.1,4487.4
398,9.3,3701.4
608,9.2,5593.599999999999
556,7.8,4336.8
416,9.2,3827.2
532,8.4,4468.8
555,8.5,4717.5
505,7.6,3838.0
571,7.4,4225.400000000001
793,8.9,7057.700000000001
536,8.3,4448.8
700,8.5,5950.0
399,7.4,2952.6000000000004
716,7.4,5298.400000000001
574,9.1,5223.4
331,9.1,3012.1
591,9.1,5378.099999999999
490,9.1,4459.0
403,7.6,3062.8
513,9.3,4770.900000000001
515,7.6,3914.0
691,8.8,6080.8
701,8.4,5888.400000000001
483,7.7,3719.1
335,8.9,2981.5
290,7.9,2291.0
566,8.1,4584.599999999999
689,8.3,5718.700000000001
581,8.9,5170.900000000001
331,8.9,2945.9
543,7.7,4181.1
344,8.4,2889.6
717,8.2,5879.4
523,7.9,4131.7
321,9.2,2953.2
506,7.4,3744.4
473,7.6,3594.8
674,9.1,6133.4
449,7.4,3322.6000000000004
548,8.3,4548.400000000001
486,9.3,4519.8
727,9.2,6688.4
577,8.1,4673.7
529,9.3,4919.700000000001
379,8.8,3335.2000000000003
736,8.9,6550.400000000001
653,8.1,5289.3
534,8.7,4645.799999999999
429,8.3,3560.7000000000003
449,8.2,3681.8
569,8.4,4779.6
369,9.1,3357.9
417,8.1,3377.7
682,7.7,5251.400000000001
766,8.8,6740.8
298,7.8,2324.4
591,9.3,5496.3
573,8.7,4985.099999999999
568,8.7,4941.599999999999
513,7.6,3898.8
599,7.9,4732.1
685,8.4,5754.0
314,8.4,2637.6
555,9.2,5106.0
692,9.3,6435.6
432,9.2,3974.4
307,7.6,2333.2
380,8.9,3382.0
485,8.9,4316.5
565,8.7,4915.5
305,8.2,2501.0
370,9.3,3441.0000000000005
311,7.8,2425.8
548,8.5,4658.0
443,8.5,3765.5
671,7.6,5099.599999999999
584,8.9,5197.6
643,7.8,5015.4
538,7.9,4250.2
423,8.8,3722.4
538,7.7,4142.6
629,8.5,5346.5
302,8.8,2657.6000000000004
657,7.9,5190.3
682,9.2,6274.4
390,8.9,3471.0
510,9.3,4743.0
212,8.5,1802.0
377,8.5,3204.5
623,8.3,5170.900000000001
775,8.5,6587.5
465,7.8,3627.0
527,8.1,4268.7
256,8.3,2124.8
625,8.8,5500.0
461,8.5,3918.5
485,8.3,4025.500000000001
357,7.8,2784.6
663,7.9,5237.7
913,8.3,7577.900000000001
673,7.6,5114.8
348,9.2,3201.6
666,8.7,5794.2
607,9.2,5584.4
419,8.3,3477.7000000000003
426,8.4,3578.4
614,8.2,5034.799999999999
501,8.2,4108.2
301,7.9,2377.9
566,9.1,5150.599999999999
564,9.3,5245.200000000001
482,8.1,3904.2
544,7.6,4134.4
541,9.3,5031.3
386,7.7,2972.2000000000003
686,9.2,6311.2
522,9.3,4854.6
424,8.5,3604.0
275,8.4,2310.0
700,9.1,6370.0
620,8.3,5146.0
594,8.7,5167.799999999999
407,9.1,3703.7
444,9.2,4084.8
420,8.1,3402.0
636,9.3,5914.8
459,7.9,3626.1
566,7.4,4188.400000000001
544,7.8,4243.2
303,8.3,2514.9
349,7.4,2582.6
327,9.3,3041.1000000000004
504,7.6,3830.4
605,8.7,5263.5
742,8.9,6603.8
751,9.1,6834.099999999999
661,7.9,5221.900000000001
608,8.5,5168.0
682,7.4,5046.8
488,8.8,4294.400000000001
442,8.9,3933.8
366,8.4,3074.4
678,7.8,5288.4
413,7.8,3221.4
412,8.9,3666.8
756,8.8,6652.8
428,7.9,3381.2000000000003
397,8.9,3533.3
358,9.2,3293.6
418,9.1,3803.8
437,7.8,3408.6
533,7.6,4050.8
590,7.6,4484.0
632,9.3,5877.6
595,8.1,4819.5
651,8.8,5728.8
456,7.9,3602.4
638,8.4,5359.2
559,7.9,4416.1
592,7.8,4617.599999999999
432,7.8,3369.6
731,9.1,6652.099999999999
624,8.1,5054.4
739,7.7,5690.3
429,8.1,3474.9
535,7.9,4226.5
511,9.3,4752.3
430,8.5,3655.0
566,7.7,4358.2
572,8.1,4633.2
543,8.8,4778.400000000001
592,7.9,4676.8
438,8.2,3591.6
673,8.4,5653.2
477,8.8,4197.6
532,8.1,4309.2
216,7.7,1663.2
474,8.1,3839.4
672,7.7,5174.400000000001
553,8.9,4921.7
682,8.9,6069.8
550,8.5,4675.0
314,8.9,2794.6
651,8.5,5533.5
380,8.3,3154.0000000000005
666,8.1,5394.599999999999
397,7.4,2937.8
712,7.8,5553.599999999999
217,8.8,1909.6
668,7.7,5143.6
625,7.4,4625.0
573,8.1,4641.3
384,8.9,3417.6000000000004
356,9.3,3310.8
587,9.3,5459.1
292,7.6,2219.2
447,8.9,3978.3
618,9.2,5685.599999999999
534,9.3,4966.200000000001
463,8.2,3796.6
404,8.5,3434.0
520,7.9,4108.0
500,7.4,3700.0
595,7.9,4700.5
435,8.7,3784.5
672,9.1,6115.2
506,9.2,4655.2
349,8.2,2861.8
423,7.7,3257.1
513,8.7,4463.099999999999
623,7.7,4797.1
683,8.9,6078.7
640,9.1,5824.0
496,8.3,4116.8
546,8.7,4750.2
607,8.5,5159.5
618,7.6,4696.8
632,7.4,4676.8
458,8.2,3755.6
585,9.3,5440.5
557,8.4,4678.8
574,8.3,4764.200000000001
596,8.9,5304.400000000001
559,9.3,5198.700000000001
591,9.2,5437.2
396,9.1,3603.6
449,9.1,4085.9
599,8.4,5031.6
301,9.1,2739.1
478,8.7,4158.599999999999
569,8.9,5064.1
445,9.1,4049.5
543,8.3,4506.900000000001
608,8.7,5289.599999999999
588,8.8,5174.400000000001
510,8.2,4182.0
327,8.2,2681.4
470,8.3,3901.000000000001
577,9.2,5308.4
710,7.7,5467.0
479,8.3,3975.7
405,8.9,3604.5
685,7.8,5343.0
333,7.9,2630.7000000000003
266,8.3,2207.8
386,8.7,3358.2
470,9.1,4277.0
432,8.1,3499.2
387,9.3,3599.1000000000004
441,7.6,3351.6
666,7.7,5128.2
414,9.1,3767.4
437,8.9,3889.3
619,7.9,4890.1
556,7.6,4225.599999999999
467,8.9,4156.3
660,7.8,5148.0
328,8.3,2722.4
311,9.3,2892.3
483,7.8,3767.4
268,8.2,2197.6
812,7.8,6333.599999999999
572,8.7,4976.4
549,8.2,4501.799999999999
501,9.3,4659.3
615,7.4,4551.0
414,8.4,3477.6000000000004
754,9.3,7012.200000000001
400,9.2,3680.0
548,8.1,4438.8
414,7.9,3270.6000000000004
460,8.9,4094.0
536,8.1,4341.599999999999
472,7.7,3634.4
584,8.8,5139.200000000001
679,7.4,5024.6
309,9.2,2842.8
463,8.9,4120.7
318,7.6,2416.8
425,8.5,3612.5
568,8.2,4657.599999999999
361,8.3,2996.3
373,7.7,2872.1
659,8.7,5733.299999999999
536,7.9,4234.400000000001
483,8.5,4105.5
293,8.3,2431.9
477,9.2,4388.4
413,9.3,3840.9
531,8.9,4725.900000000001
652,9.2,5998.4
661,7.6,5023.599999999999
624,8.9,5553.6
503,7.9,3973.7
469,8.5,3986.5
453,8.7,3941.1
399,8.4,3351.6000000000004
634,8.8,5579.200000000001
525,8.2,4305.0
697,8.4,5854.8
654,8.8,5755.200000000001
598,9.2,5501.599999999999
614,7.8,4789.2
406,9.2,3735.2
754,9.2,6936.799999999999
750,7.7,5775.0
735,8.8,6468.000000000001
533,7.9,4210.7
527,8.5,4479.5
764,8.5,6494.0
493,8.5,4190.5
419,8.4,3519.6000000000004
411,7.7,3164.7000000000003
662,8.5,5627.0
326,9.2,2999.2
417,8.5,3544.5
571,8.9,5081.900000000001
626,7.9,4945.400000000001
519,8.1,4203.9
459,8.4,3855.6
651,7.9,5142.900000000001
295,8.9,2625.5
728,8.3,6042.400000000001
403,8.2,3304.6
395,7.6,3002.0
457,8.4,3838.8
354,9.3,3292.2000000000003
527,8.4,4426.8
332,8.8,2921.6000000000004
366,9.3,3403.8
357,7.7,2748.9
565,7.7,4350.5
459,8.1,3717.9
399,9.2,3670.8
526,7.6,3997.6
592,8.3,4913.6
546,7.4,4040.4
552,7.4,4084.8
580,8.8,5104.0
699,8.3,5801.700000000001
582,9.1,5296.2
580,7.9,4582.0
689,8.8,6063.200000000001
719,8.8,6327.200000000001
564,7.6,4286.4
316,7.7,2433.2000000000003
396,8.9,3524.4
711,9.1,6470.099999999999
531,9.1,4832.099999999999
717,9.2,6596.4
524,8.2,4296.799999999999
490,7.8,3822.0
845,7.6,6422.0
601,8.5,5108.5
549,7.6,4172.4
506,8.7,4402.2
435,8.5,3697.5
795,9.2,7313.999999999999
479,9.1,4358.9
668,8.5,5678.0
545,7.4,4033.0
588,8.2,4821.599999999999
605,8.4,5082.0
559,8.8,4919.200000000001
489,8.4,4107.6
638,9.2,5869.599999999999
631,8.2,5174.2
602,9.3,5598.6
389,8.8,3423.2000000000003
473,7.7,3642.1
559,8.2,4583.799999999999
703,8.3,5834.900000000001
674,8.1,5459.4
512,8.3,4249.6
521,7.4,3855.4
258,8.2,2115.6
369,9.2,3394.8
421,7.7,3241.7000000000003
672,8.7,5846.4
547,9.3,5087.1
584,8.2,4788.799999999999
500,8.9,4450.0
517,8.7,4497.9
321,8.4,2696.4
529,8.9,4708.1
547,8.7,4758.9
631,7.8,4921.8
597,8.2,4895.4
435,9.2,4002.0
464,8.2,3804.8
410,8.1,3321.0
432,7.9,3412.8
441,8.5,3748.5
562,8.4,4720.8
632,8.5,5372.0
420,7.4,3108.0
530,8.4,4452.0
347,7.7,2671.9
467,9.2,4296.4
408,7.7,3141.6
675,8.8,5940.000000000001
659,8.4,5535.6
429,8.9,3818.1
355,7.8,2769.0
520,9.3,4836.0
588,8.5,4998.0
428,9.2,3937.6
274,9.3,2548.2000000000003
636,7.7,4897.2
403,8.4,3385.2000000000003
502,8.9,4467.8
569,7.4,4210.6
223,8.8,1962.4
637,7.6,4841.2
543,8.9,4832.7
422,8.1,3418.2
601,7.4,4447.400000000001
486,8.5,4131.0
313,8.8,2754.4
587,8.8,5165.6
495,8.7,4306.5
778,9.1,7079.799999999999
607,7.8,4734.599999999999
629,8.1,5094.9
373,8.2,3058.6
431,8.9,3835.9
126,8.2,1033.1999999999998
628,7.6,4772.8
626,8.2,5133.2
432,8.7,3758.4
567,7.8,4422.599999999999
489,9.1,4449.9
552,8.7,4802.4
607,9.1,5523.7
629,7.8,4906.2
456,8.8,4012.8
369,7.9,2915.1
557,9.1,5068.7
611,8.4,5132.400000000001
593,8.1,4803.3
634,7.4,4691.6
587,8.4,4930.8
479,9.3,4454.700000000001
515,8.3,4274.5
391,9.1,3558.1
392,9.2,3606.4
333,8.8,2930.4
540,8.1,4374.0
436,7.9,3444.4
666,7.6,5061.599999999999
471,7.9,3720.9
406,8.2,3329.2
394,8.7,3427.8
591,8.7,5141.7
313,8.4,2629.2000000000003
564,7.8,4399.2
516,9.2,4747.2
576,7.6,4377.599999999999
637,8.3,5287.1
385,9.1,3503.5
233,9.2,2143.6
288,8.4,2419.2000000000003
707,7.4,5231.8
480,7.9,3792.0
539,8.8,4743.200000000001
343,8.7,2984.1
505,9.2,4646.0
566,9.2,5207.2
708,9.3,6584.400000000001
576,8.8,5068.8
673,8.1,5451.3
479,7.6,3640.4
437,8.8,3845.6
497,8.8,4373.6
369,9.3,3431.7000000000003
646,9.1,5878.599999999999
392,7.7,3018.4
507,7.9,4005.3
839,7.7,6460.3
641,8.8,5640.8
433,8.4,3637.2
650,7.6,4940.0
436,7.4,3226.4
496,7.9,3918.4
331,8.3,2747.3
421,9.2,3873.2
660,7.6,5016.0
461,8.2,3780.2
611,7.6,4643.599999999999
493,8.2,4042.6
432,9.1,3931.2
374,9.1,3403.4
549,8.5,4666.5
497,7.9,3926.3
450,7.4,3330.0
616,8.5,5236.0
573,8.5,4870.5
751,8.8,6608.8
609,8.9,5420.1
429,9.3,3989.7
453,8.3,3759.900000000001
385,8.5,3272.5
300,7.7,2310.0
715,8.2,5862.999999999999
468,7.4,3463.2000000000003
388,8.7,3375.6
511,8.2,4190.2
381,8.3,3162.3
548,8.4,4603.2
435,8.3,3610.500000000001
730,8.9,6497.0
693,7.9,5474.7
468,7.9,3697.2
288,7.8,2246.4
457,7.8,3564.6
523,9.1,4759.3
720,9.3,6696.000000000001
339,7.8,2644.2
575,9.1,5232.5
520,8.2,4264.0
402,8.4,3376.8
336,7.7,2587.2000000000003
606,9.2,5575.2
753,8.7,6551.099999999999
465,7.6,3534.0
441,7.9,3483.9
489,7.8,3814.2
446,8.2,3657.2
613,8.9,5455.7
530,7.8,4134.0
513,9.2,4719.599999999999
574,8.1,4649.4
682,9.1,6206.2
505,9.3,4696.5
492,7.8,3837.6
376,8.9,3346.4
527,7.4,3899.8
485,7.4,3589.0
460,7.4,3404.0
577,7.9,4558.3
545,7.7,4196.5
652,9.3,6063.6
529,7.4,3914.6
449,8.4,3771.6
297,7.6,2257.2
410,8.8,3608.000000000001
244,9.1,2220.4
590,8.2,4838.0
586,8.9,5215.400000000001
573,7.4,4240.2
480,7.4,3552.0
566,8.8,4980.8
297,7.7,2286.9
451,8.4,3788.4
681,8.2,5584.2
725,7.7,5582.5
587,7.9,4637.3
579,8.5,4921.5
468,7.7,3603.6
340,7.7,2618.0
437,8.5,3714.5
676,8.7,5881.2
565,7.8,4407.0
517,8.3,4291.1
583,9.1,5305.3
437,7.7,3364.9
519,8.3,4307.700000000001
516,7.7,3973.2
566,7.8,4414.8
660,8.5,5610.0
792,7.7,6098.400000000001
613,8.5,5210.5
668,8.3,5544.400000000001
567,7.4,4195.8
383,8.1,3102.3
627,9.1,5705.7
520,8.1,4212.0
418,8.2,3427.6
524,9.1,4768.4
491,7.8,3829.8
683,8.7,5942.099999999999
365,8.1,2956.5
652,8.4,5476.8
744,7.7,5728.8
526,8.3,4365.8
518,8.3,4299.400000000001
735,8.3,6100.500000000001
586,8.1,4746.599999999999
416,8.7,3619.2
493,9.3,4584.900000000001
698,9.3,6491.400000000001
322,8.3,2672.6000000000004
525,9.2,4830.0
320,7.6,2432.0
614,9.2,5648.799999999999
515,9.3,4789.5
560,7.7,4312.0
550,8.2,4510.0
619,8.8,5447.200000000001
481,9.2,4425.2
694,9.3,6454.200000000001
380,8.2,3115.9999999999995
371,8.8,3264.8
710,7.9,5609.0
705,9.2,6485.999999999999
480,7.8,3744.0
572,7.7,4404.400000000001
669,7.7,5151.3
470,8.8,4136.0
269,8.4,2259.6
397,7.7,3056.9
449,8.8,3951.2
798,8.8,7022.400000000001
449,7.7,3457.3
420,7.6,3192.0
643,9.2,5915.599999999999
298,7.4,2205.2000000000003
408,8.5,3468.0
582,8.7,5063.4
692,9.2,6366.4
374,9.3,3478.2000000000003
497,8.2,4075.4
681,7.8,5311.8
779,8.3,6465.700000000001
647,7.9,5111.3
476,9.3,4426.8
531,8.8,4672.8
735,9.2,6761.999999999999
522,8.7,4541.4
358,8.8,3150.4
585,9.1,5323.5
594,8.5,5049.0
584,9.3,5431.200000000001
506,9.1,4604.599999999999
520,7.7,4004.0
426,8.2,3493.2
643,9.1,5851.3
447,9.2,4112.4
476,8.1,3855.6
478,9.1,4349.8
536,8.4,4502.400000000001
423,8.1,3426.3
575,8.4,4830.0
782,9.2,7194.4
616,9.1,5605.599999999999
303,7.8,2363.4
385,7.4,2849.0
505,8.8,4444.0
649,7.7,4997.3
663,8.1,5370.3
537,9.2,4940.4
464,8.5,3944.0
399,9.3,3710.7
537,7.9,4242.3
598,8.4,5023.2
550,7.4,4070.0
620,8.2,5084.0
531,8.2,4354.2
399,8.5,3391.5
531,8.3,4407.3
792,7.4,5860.8
349,7.8,2722.2
448,8.5,3808.0
483,8.3,4008.900000000001
609,8.7,5298.299999999999
455,7.9,3594.5
324,9.1,2948.4
576,8.4,4838.400000000001
503,8.3,4174.900000000001
406,8.9,3613.4
592,8.4,4972.8
421,8.2,3452.2
768,8.7,6681.599999999999
714,8.8,6283.200000000001
411,8.7,3575.7
574,7.6,4362.4
372,7.9,2938.8
586,8.7,5098.2
700,8.1,5670.0
484,9.2,4452.799999999999
438,7.9,3460.2000000000003
425,7.6,3230.0
448,9.1,4076.8
672,7.9,5308.8
519,9.2,4774.799999999999
560,8.7,4872.0
401,8.5,3408.5
579,8.1,4689.9
646,7.7,4974.2
614,9.1,5587.4
374,7.4,2767.6
313,8.2,2566.6
413,8.4,3469.2000000000003
552,8.2,4526.4
506,8.5,4301.0
847,8.2,6945.4
582,8.1,4714.2
230,8.3,1909.0
630,8.5,5355.0
654,8.9,5820.6
639,9.3,5942.700000000001
392,7.4,2900.8
517,7.8,4032.6
597,8.8,5253.6
402,7.6,3055.2
457,8.9,4067.3
464,9.3,4315.200000000001
619,8.2,5075.799999999999
365,9.2,3357.9999999999995
563,8.1,4560.3
475,9.3,4417.5
533,9.3,4956.900000000001
431,8.8,3792.8
722,8.1,5848.2
710,7.6,5396.0
378,7.6,2872.8
589,7.4,4358.6
486,8.1,3936.6
560,9.2,5152.0
570,9.2,5244.0
542,7.6,4119.2
268,7.6,2036.8
535,9.1,4868.5
421,7.8,3283.8
451,8.2,3698.2
588,8.9,5233.2
435,8.1,3523.5
761,8.7,6620.7
678,8.3,5627.400000000001
550,8.8,4840.0
300,8.8,2640.0
588,7.8,4586.4
580,8.4,4872.0
605,7.9,4779.5
253,7.9,1998.7
481,8.7,4184.7
208,9.1,1892.8
498,8.3,4133.400000000001
428,8.7,3723.6
360,9.3,3348.0000000000005
264,7.9,2085.6
588,8.4,4939.2
511,7.6,3883.6
481,7.7,3703.7
339,8.3,2813.7000000000003
520,7.6,3952.0
661,8.8,5816.8
386,8.8,3396.8
418,8.3,3469.4
610,8.3,5063.0
572,9.1,5205.2
740,8.9,6586.0
305,7.7,2348.5
571,9.2,5253.2
244,8.8,2147.2000000000003
546,8.8,4804.8
648,9.3,6026.400000000001
617,7.7,4750.900000000001
717,8.5,6094.5
390,7.7,3003.0
541,8.4,4544.400000000001
560,8.8,4928.0
353,7.9,2788.7000000000003
685,7.9,5411.5
574,8.4,4821.6
505,7.7,3888.5
672,8.2,5510.4
598,8.7,5202.599999999999
285,7.9,2251.5
368,9.3,3422.4
415,8.2,3402.9999999999995
554,9.2,5096.799999999999
400,8.5,3400.0
529,7.6,4020.4
508,8.2,4165.599999999999
443,7.7,3411.1
456,7.6,3465.6
701,8.2,5748.2
744,8.3,6175.200000000001
402,9.2,3698.4
550,8.1,4455.0
406,7.8,3166.8
587,8.9,5224.3
474,9.1,4313.4
532,8.7,4628.4
712,8.7,6194.4
502,8.3,4166.6
803,7.6,6102.799999999999
463,8.3,3842.900000000001
588,7.7,4527.6
644,9.1,5860.4
216,9.3,2008.8
603,8.8,5306.400000000001
621,8.3,5154.3
325,8.5,2762.5
426,9.1,3876.6
658,8.8,5790.400000000001
151,8.7,1313.6999999999998
549,9.2,5050.799999999999
618,9.1,5623.8
589,9.2,5418.799999999999
288,9.1,2620.8
471,8.4,3956.4
560,8.4,4704.0
428,7.8,3338.4
601,8.3,4988.3
393,9.3,3654.9
472,8.1,3823.2
371,8.5,3153.5
258,7.9,2038.2
435,8.8,3828.000000000001
277,8.8,2437.6000000000004
600,7.4,4440.0
752,7.6,5715.2
644,9.3,5989.200000000001
585,7.7,4504.5
547,8.8,4813.6
600,9.3,5580.0
583,9.2,5363.599999999999
357,7.4,2641.8
448,8.8,3942.400000000001
466,8.3,3867.8
547,8.2,4485.4
777,8.4,6526.8
376,7.9,2970.4
732,7.4,5416.8
377,8.1,3053.7
431,8.1,3491.1
654,8.5,5559.0
457,8.2,3747.4
497,9.2,4572.4
424,7.7,3264.8
456,9.2,4195.2
594,7.4,4395.6
546,9.2,5023.2
591,8.3,4905.3
732,8.2,6002.4
428,8.4,3595.2000000000003
528,9.2,4857.599999999999
596,7.6,4529.599999999999
659,7.7,5074.3
333,9.2,3063.6
293,8.5,2490.5
514,7.7,3957.8
540,8.3,4482.0
517,7.7,3980.9
336,8.5,2856.0
683,9.1,6215.3
538,9.2,4949.599999999999
495,8.8,4356.0
360,8.2,2951.9999999999995
359,7.7,2764.3
702,8.4,5896.8
702,8.9,6247.8
367,8.4,3082.8
548,9.3,5096.400000000001
628,7.7,4835.6
612,9.2,5630.4
427,7.6,3245.2
532,8.9,4734.8
576,7.4,4262.400000000001
424,8.7,3688.8
760,8.5,6460.0
243,8.2,1992.6
442,9.2,4066.4
764,7.4,5653.6
551,8.4,4628.400000000001
525,8.1,4252.5
459,8.3,3809.7
691,7.4,5113.400000000001
653,7.7,5028.1
365,8.3,3029.5000000000005
380,8.7,3305.9999999999995
566,9.3,5263.8
639,8.8,5623.200000000001
562,8.3,4664.6
359,7.9,2836.1
619,8.9,5509.1
333,8.3,2763.9
402,9.1,3658.2
629,7.7,4843.3
297,9.3,2762.1000000000004
283,9.3,2631.9
588,9.1,5350.8
505,8.3,4191.5
526,7.4,3892.4
467,9.3,4343.1
502,8.8,4417.6
379,7.8,2956.2
772,8.5,6562.0
552,8.8,4857.6
599,8.9,5331.1
508,7.4,3759.2
462,8.2,3788.4
415,8.7,3610.5
330,7.4,2442.0
610,9.3,5673.0
473,8.5,4020.5
614,7.6,4666.4
604,8.5,5134.0
566,8.5,4811.0
563,7.9,4447.7
228,7.9,1801.2
412,7.9,3254.8
677,8.9,6025.3
484,8.9,4307.6
247,8.3,2050.1000000000004
671,7.9,5300.900000000001
876,7.7,6745.2
605,7.4,4477.0
771,7.7,5936.7
689,9.2,6338.799999999999
599,9.2,5510.799999999999
465,9.3,4324.5
590,7.8,4602.0
821,8.7,7142.7
549,7.4,4062.6
669,9.2,6154.799999999999
647,8.9,5758.3
368,9.1,3348.8
473,7.8,3689.4
496,8.8,4364.8
380,9.3,3534.0000000000005
579,7.7,4458.3
569,7.9,4495.1
319,8.1,2583.9
603,8.7,5246.099999999999
528,9.3,4910.400000000001
296,8.8,2604.8
331,8.5,2813.5
478,7.6,3632.8
296,8.3,2456.8
619,7.7,4766.3
761,8.9,6772.900000000001
697,8.5,5924.5
596,7.9,4708.400000000001
390,8.7,3392.9999999999995
450,8.8,3960.000000000001
688,8.2,5641.599999999999
612,9.3,5691.6
626,8.4,5258.400000000001
360,7.9,2844.0
336,8.2,2755.2
544,7.9,4297.6
581,8.4,4880.400000000001
637,7.9,5032.3
502,8.2,4116.4
623,8.9,5544.7
691,8.1,5597.099999999999
437,7.6,3321.2
510,8.9,4539.0
526,8.9,4681.400000000001
243,8.4,2041.2
522,7.6,3967.2
248,7.4,1835.2
466,8.7,4054.2
668,7.9,5277.2
432,7.7,3326.4
460,7.7,3542.0
824,7.4,6097.6
386,8.2,3165.2
318,9.2,2925.6
529,8.1,4284.9
543,8.5,4615.5
486,9.1,4422.599999999999
543,7.6,4126.8
491,8.3,4075.3
310,8.2,2542.0
694,8.3,5760.200000000001
608,8.4,5107.2
442,7.6,3359.2
529,9.2,4866.799999999999
474,8.8,4171.200000000001
329,8.8,2895.2000000000003
495,9.2,4554.0
601,8.2,4928.2
643,8.5,5465.5
720,8.1,5832.0
767,8.5,6519.5
574,9.2,5280.799999999999
561,9.1,5105.099999999999
487,8.2,3993.4
618,7.4,4573.2
716,8.3,5942.8
648,7.6,4924.8
562,8.9,5001.8
604,8.3,5013.200000000001
455,7.4,3367.0
510,9.2,4692.0
625,8.1,5062.5
600,8.9,5340.0
282,9.1,2566.2
311,8.1,2519.1
553,7.6,4202.8
471,8.9,4191.900000000001
550,7.9,4345.0
373,7.8,2909.4
601,8.8,5288.8
358,8.9,3186.2000000000003
350,7.4,2590.0
447,7.6,3397.2
468,8.9,4165.2
665,9.2,6117.999999999999
697,7.4,5157.8
516,9.1,4695.599999999999
712,9.1,6479.2
361,7.4,2671.4
402,8.2,3296.4
606,8.7,5272.2
506,8.8,4452.8
713,7.6,5418.8
540,9.3,5022.0
376,8.4,3158.4
374,8.5,3179.0
378,7.8,2948.4
565,8.8,4972.0
459,9.3,4268.700000000001
494,7.4,3655.6
609,8.3,5054.700000000001
468,8.3,3884.400000000001
689,8.1,5580.9
655,7.6,4978.0
375,9.1,3412.5
555,8.1,4495.5
652,7.8,5085.599999999999
408,7.9,3223.2000000000003
317,9.1,2884.7
543,7.4,4018.2
400,8.8,3520.0000000000005
399,8.3,3311.7000000000003
637,8.1,5159.7
723,9.2,6651.599999999999
396,8.4,3326.4
586,8.8,5156.8
822,9.1,7480.2
419,9.3,3896.7
397,8.2,3255.4
514,9.2,4728.799999999999
443,7.9,3499.7000000000003
659,7.6,5008.4
541,8.5,4598.5
497,8.3,4125.1
595,7.7,4581.5
760,9.3,7068.000000000001
690,8.1,5589.0
561,9.2,5161.2
345,7.6,2622.0
354,9.1,3221.4
772,8.1,6253.2
429,8.5,3646.5
425,7.8,3315.0
450,8.5,3825.0
388,8.5,3298.0
664,9.1,6042.4
649,9.2,5970.799999999999
507,7.6,3853.2
442,8.4,3712.8
413,8.2,3386.6
684,9.1,6224.4
482,9.3,4482.6
607,8.2,4977.4
513,8.1,4155.3
536,7.8,4180.8
604,8.2,4952.799999999999
405,8.1,3280.5
573,8.2,4698.599999999999
375,8.2,3074.9999999999995
645,9.3,5998.500000000001
380,8.4,3192.0
597,9.2,5492.4
666,8.3,5527.8
416,8.4,3494.4
548,7.8,4274.4
472,7.6,3587.2
702,8.3,5826.6
370,9.1,3367.0
521,8.4,4376.400000000001
298,8.8,2622.4
269,8.3,2232.7000000000003
545,8.3,4523.5
303,8.8,2666.4
553,8.4,4645.2
282,7.7,2171.4
454,7.4,3359.6000000000004
453,9.2,4167.599999999999
532,7.7,4096.400000000001
814,7.9,6430.6
434,8.7,3775.8
508,9.2,4673.599999999999
299,8.1,2421.9
587,7.8,4578.599999999999
626,8.5,5321.0
728,7.6,5532.8
518,8.4,4351.2
651,7.8,5077.8
414,8.8,3643.2
452,8.1,3661.2
351,8.4,2948.4
429,8.8,3775.2
556,8.5,4726.0
366,8.3,3037.8
478,7.7,3680.6
674,9.2,6200.799999999999
529,8.2,4337.799999999999
550,8.9,4895.0
237,9.2,2180.4
677,8.7,5889.9
601,8.9,5348.900000000001
613,8.3,5087.900000000001
751,7.9,5932.900000000001
528,8.3,4382.400000000001
650,8.4,5460.0
504,8.5,4284.0
492,9.3,4575.6
558,8.5,4743.0
682,8.5,5797.0
554,7.6,4210.4
548,9.2,5041.599999999999
703,9.3,6537.900000000001
422,7.4,3122.8
457,7.6,3473.2
523,8.4,4393.2
515,9.2,4738.0
440,8.7,3828.0
499,9.2,4590.799999999999
476,8.8,4188.8
436,8.5,3706.0
671,8.8,5904.8
333,9.1,3030.3
439,9.3,4082.7
477,7.6,3625.2
356,9.1,3239.6
540,7.7,4158.0
368,8.4,3091.2000000000003
440,8.5,3740.0
253,7.8,1973.4
399,7.8,3112.2
623,7.6,4734.8
617,9.2,5676.4
789,7.4,5838.6
636,7.4,4706.400000000001
595,8.5,5057.5
425,7.4,3145.0
596,8.2,4887.2
372,8.5,3162.0
374,7.9,2954.6
659,9.3,6128.700000000001
312,8.4,2620.8
554,7.8,4321.2
394,8.2,3230.8
496,9.3,4612.8
418,8.5,3553.0
599,7.7,4612.3
486,7.6,3693.6
424,9.2,3900.8
640,7.8,4992.0
580,7.8,4524.0
552,7.7,4250.400000000001
379,9.3,3524.7000000000003
580,8.7,5046.0
651,8.4,5468.400000000001
849,9.1,7725.9
459,7.6,3488.4
569,8.2,4665.799999999999
716,9.1,6515.599999999999
589,8.5,5006.5
586,7.4,4336.400000000001
470,7.8,3666.0
354,8.9,3150.6
488,8.5,4148.0
576,8.1,4665.599999999999
655,9.3,6091.500000000001
480,8.7,4176.0
494,7.8,3853.2
653,8.3,5419.900000000001
430,9.1,3913.0
527,9.3,4901.1
646,8.1,5232.599999999999
630,8.3,5229.0
355,7.7,2733.5
662,9.1,6024.2
166,8.7,1444.1999999999998
336,8.3,2788.8
445,8.8,3916.000000000001
287,8.2,2353.4
374,8.8,3291.2000000000003
461,7.4,3411.4
327,7.7,2517.9
634,7.7,4881.8
653,8.5,5550.5
279,8.4,2343.6
408,8.4,3427.2000000000003
368,8.7,3201.6
382,8.3,3170.6000000000004
792,8.5,6732.0
528,8.5,4488.0
555,7.8,4329.0
401,7.8,3127.8
637,8.9,5669.3
736,7.7,5667.2
615,7.9,4858.5
632,9.2,5814.4
523,7.8,4079.4
187,8.5,1589.5
504,7.8,3931.2
630,7.9,4977.0
526,9.2,4839.2
430,9.3,3999.000000000001
757,7.9,5980.3
555,9.3,5161.5
318,9.1,2893.8
401,8.3,3328.3
555,7.4,4107.0
431,7.6,3275.6
615,9.2,5658.0
395,7.8,3081.0
549,8.7,4776.299999999999
338,8.9,3008.2000000000003
532,9.3,4947.6
367,8.9,3266.3
715,8.1,5791.5
629,7.9,4969.1
618,8.9,5500.2
474,8.4,3981.6
315,7.6,2394.0
818,7.8,6380.4
361,9.1,3285.1
590,8.7,5133.0
472,8.7,4106.4
552,9.2,5078.4
620,9.2,5704.0
354,8.4,2973.6
260,8.1,2106.0
822,8.8,7233.6
493,8.4,4141.2
789,9.1,7179.9
667,9.3,6203.1
526,8.4,4418.400000000001
582,8.3,4830.6
471,7.6,3579.6
557,9.2,5124.4
430,8.7,3741.0
697,7.6,5297.2
468,9.3,4352.400000000001
329,8.4,2763.6
482,7.6,3663.2
472,7.8,3681.6
585,8.3,4855.5
368,8.8,3238.4
485,9.1,4413.5
228,8.9,2029.2
433,8.5,3680.5
468,7.6,3556.8
637,8.4,5350.8
628,9.3,5840.400000000001
462,8.4,3880.8
573,7.7,4412.1
312,7.6,2371.2
430,8.8,3784.000000000001
705,8.9,6274.5
347,7.6,2637.2
455,9.2,4186.0
512,8.9,4556.8
530,8.7,4611.0
393,7.9,3104.7000000000003
593,8.2,4862.599999999999
714,7.7,5497.8
644,7.4,4765.6
592,7.7,4558.400000000001
530,8.8,4664.0
440,8.3,3652.000000000001
394,7.4,2915.6000000000004
675,9.2,6209.999999999999
435,8.9,3871.5
591,8.5,5023.5
517,9.2,4756.4
580,8.1,4698.0
555,8.9,4939.5
737,7.6,5601.2
575,8.5,4887.5
504,8.7,4384.799999999999
473,8.4,3973.2
636,7.9,5024.400000000001
624,9.1,5678.4
531,9.2,4885.2
514,8.9,4574.6
658,8.5,5593.0
575,7.6,4370.0
415,7.7,3195.5
371,7.7,2856.7000000000003
430,9.2,3956.0
429,7.4,3174.6000000000004
538,8.5,4573.0
568,8.3,4714.400000000001
602,8.8,5297.6
370,8.1,2997.0
322,8.4,2704.8
322,9.1,2930.2
264,7.7,2032.8
144,8.9,1281.6
485,8.5,4122.5
769,7.4,5690.6
554,8.8,4875.200000000001
502,9.2,4618.4
719,7.4,5320.6
433,8.9,3853.7
639,8.4,5367.6
623,9.3,5793.900000000001
669,8.1,5418.9
601,9.3,5589.3
519,9.1,4722.9
496,9.2,4563.2
508,8.3,4216.400000000001
705,8.1,5710.5
610,9.1,5551.0
477,7.7,3672.9
458,8.3,3801.400000000001
462,8.8,4065.6
684,8.3,5677.200000000001
536,9.1,4877.599999999999
514,9.3,4780.200000000001
464,8.7,4036.8
475,8.9,4227.5
400,7.8,3120.0
436,8.3,3618.8
724,8.3,6009.200000000001
633,8.1,5127.3
319,8.2,2615.8
663,7.6,5038.8
542,8.4,4552.8
628,8.1,5086.8
568,8.9,5055.2
263,7.7,2025.1
255,7.9,2014.5
590,8.5,5015.0
582,7.7,4481.400000000001
410,7.6,3116.0
668,7.6,5076.8
581,8.3,4822.3
434,8.4,3645.6
516,9.3,4798.8
443,8.4,3721.2
367,7.8,2862.6
527,8.7,4584.9
379,8.1,3069.9
361,9.3,3357.3
640,8.3,5312.0
558,7.8,4352.4
305,7.8,2379.0
625,7.8,4875.0
489,7.4,3618.6
741,7.8,5779.8
445,7.7,3426.5
328,8.9,2919.2000000000003
518,7.6,3936.8
572,8.8,5033.6
641,7.4,4743.400000000001
652,7.6,4955.2
371,8.4,3116.4
618,8.3,5129.400000000001
468,8.7,4071.6
633,9.1,5760.3
635,8.4,5334.0
622,7.7,4789.400000000001
427,7.9,3373.3
603,9.1,5487.3
415,7.9,3278.5
750,8.9,6675.0
579,7.4,4284.6
731,8.7,6359.7
534,8.3,4432.200000000001
456,9.1,4149.599999999999
405,8.8,3564.0000000000005
337,8.3,2797.1000000000004
450,8.9,4005.0
500,8.7,4350.0
517,8.9,4601.3
403,9.3,3747.9
438,7.7,3372.6
465,8.1,3766.5
420,7.7,3234.0
316,7.4,2338.4
675,8.9,6007.5
798,8.7,6942.599999999999
625,8.5,5312.5
420,9.3,3906.000000000001
254,7.9,2006.6
648,9.2,5961.599999999999
630,9.3,5859.0
647,8.3,5370.1
390,8.2,3197.9999999999995
435,7.6,3306.0
289,7.4,2138.6
436,8.9,3880.4
501,8.8,4408.8
439,8.2,3599.8
543,8.1,4398.3
496,7.4,3670.4
639,7.6,4856.4
462,8.5,3927.0
610,8.7,5307.0
443,8.9,3942.7
375,7.9,2962.5
443,7.4,3278.2000000000003
248,8.5,2108.0
396,8.2,3247.2
378,7.7,2910.6
677,8.1,5483.7
513,7.9,4052.7
377,7.4,2789.8
684,7.7,5266.8
95,8.5,807.5
371,7.8,2893.8
656,9.3,6100.8
549,8.9,4886.1
609,8.8,5359.200000000001
292,8.3,2423.6000000000004
553,8.2,4534.599999999999
273,8.1,2211.3
641,8.4,5384.400000000001
570,8.1,4617.0
535,9.2,4922.0
479,8.8,4215.200000000001
414,8.1,3353.4
248,8.4,2083.2000000000003
301,7.8,2347.8
389,7.8,3034.2
483,7.4,3574.2000000000003
300,8.9,2670.0
698,7.8,5444.4
649,8.1,5256.9
581,8.2,4764.2
693,8.1,5613.3
440,7.7,3388.0
234,9.1,2129.4
593,8.9,5277.7
524,8.3,4349.200000000001
424,8.4,3561.6000000000004
592,9.3,5505.6
639,8.5,5431.5
483,8.1,3912.3
487,9.1,4431.7
680,8.2,5575.999999999999
743,8.8,6538.400000000001
330,7.6,2508.0
380,8.8,3344.0000000000005
229,8.2,1877.8
496,8.1,4017.6
603,7.9,4763.7
776,7.7,5975.2
364,7.6,2766.4
547,9.2,5032.4
402,9.3,3738.6
538,9.3,5003.400000000001
567,8.5,4819.5
675,8.4,5670.0
241,7.7,1855.7
667,8.7,5802.9
764,8.4,6417.6
361,7.6,2743.6
394,7.6,2994.4
579,8.7,5037.299999999999
571,8.4,4796.400000000001
535,7.6,4066.0
565,7.4,4181.0
484,8.2,3968.8
557,8.1,4511.7
679,8.5,5771.5
459,8.7,3993.3
198,8.2,1623.6
786,8.8,6916.8
440,7.4,3256.0
642,9.2,5906.4
330,7.7,2541.0
249,7.4,1842.6
631,7.6,4795.599999999999
599,9.1,5450.9
621,8.9,5526.900000000001
728,7.8,5678.4
523,7.4,3870.2
382,8.2,3132.4
482,9.1,4386.2
501,7.6,3807.6
719,8.3,5967.700000000001
418,7.4,3093.2000000000003
382,8.4,3208.8
475,8.3,3942.500000000001
397,8.7,3453.9
214,7.6,1626.4
545,8.5,4632.5
648,8.4,5443.2
524,7.8,4087.2
360,8.4,3024.0
555,7.9,4384.5
528,9.1,4804.8
233,8.5,1980.5
605,9.3,5626.5
337,7.7,2594.9
672,7.4,4972.8
683,7.9,5395.7
646,7.8,5038.8
559,9.2,5142.799999999999
720,8.9,6408.0
227,8.1,1838.7
391,7.9,3088.9
256,9.1,2329.6
521,9.2,4793.2
774,8.3,6424.200000000001
389,7.7,2995.3
521,7.7,4011.7
428,8.8,3766.4
388,9.1,3530.8
575,7.4,4255.0
514,8.4,4317.6
584,7.8,4555.2
390,8.8,3432.0000000000005
431,7.4,3189.4
759,8.4,6375.6
367,8.1,2972.7
350,8.3,2905.0000000000005
524,9.2,4820.799999999999
310,8.1,2511.0
688,9.3,6398.400000000001
581,7.7,4473.7
684,7.9,5403.6
673,7.9,5316.7
664,9.2,6108.799999999999
292,7.4,2160.8
507,8.3,4208.1
724,9.3,6733.200000000001
666,7.4,4928.400000000001
625,8.2,5125.0
625,7.6,4750.0
288,9.3,2678.4
353,9.1,3212.3
592,8.8,5209.6
491,7.4,3633.4
416,8.9,3702.4
541,8.2,4436.2
489,7.6,3716.4
323,8.4,2713.2000000000003
425,8.8,3740.000000000001
448,7.8,3494.4
717,8.8,6309.6
451,7.7,3472.7000000000003
686,8.4,5762.400000000001
698,7.9,5514.2
617,8.7,5367.9
659,8.3,5469.700000000001
389,7.4,2878.6000000000004
694,8.1,5621.4
586,8.3,4863.8
437,8.7,3801.9
285,8.8,2508.0
798,8.9,7102.200000000001
565,8.1,4576.5
278,8.7,2418.6
479,8.9,4263.1
448,7.9,3539.2000000000003
583,7.7,4489.1
841,8.4,7064.400000000001
314,8.3,2606.2000000000003
572,7.8,4461.599999999999
539,7.7,4150.3
539,8.3,4473.700000000001
692,7.8,5397.599999999999
370,8.2,3033.9999999999995
504,9.2,4636.799999999999
445,7.9,3515.5
521,7.8,4063.8
496,7.6,3769.6
632,8.4,5308.8
488,7.7,3757.6
406,7.7,3126.2000000000003
337,8.2,2763.4
434,9.1,3949.4
606,7.9,4787.400000000001
596,8.5,5066.0
606,7.8,4726.8
619,8.7,5385.299999999999
613,7.8,4781.4
465,8.9,4138.5
339,8.4,2847.6
625,7.9,4937.5
240,9.3,2232.0
334,8.1,2705.4
448,8.1,3628.8
418,9.3,3887.4
608,8.9,5411.2
376,9.1,3421.6
324,7.7,2494.8
566,8.3,4697.8
274,8.7,2383.8
517,8.4,4342.8
459,8.2,3763.8
631,8.3,5237.3
607,8.8,5341.6
575,8.9,5117.5
646,7.4,4780.400000000001
663,8.3,5502.900000000001
427,9.2,3928.4
632,8.9,5624.8
661,8.3,5486.3
514,7.8,4009.2
583,8.8,5130.400000000001
277,9.3,2576.1000000000004
457,9.1,4158.7
473,8.3,3925.900000000001
366,8.8,3220.8
426,9.2,3919.2
526,8.2,4313.2
366,8.9,3257.4
631,8.9,5615.900000000001
536,8.2,4395.2
392,8.7,3410.4
540,7.8,4212.0
568,9.2,5225.599999999999
338,7.6,2568.8
475,7.4,3515.0
829,8.1,6714.9
285,7.8,2223.0
685,8.7,5959.499999999999
520,7.4,3848.0
645,9.2,5933.999999999999
275,7.7,2117.5
467,8.7,4062.9
714,8.7,6211.799999999999
557,8.5,4734.5
484,8.5,4114.0
360,7.7,2772.0
396,7.8,3088.8
421,9.3,3915.3
415,8.4,3486.0
454,8.2,3722.8
325,7.4,2405.0
586,9.3,5449.8
622,9.1,5660.2
564,8.3,4681.200000000001
751,7.6,5707.599999999999
551,8.3,4573.3
622,8.1,5038.2
366,7.7,2818.2000000000003
648,9.1,5896.8
409,9.1,3721.9
685,9.1,6233.5
537,7.7,4134.900000000001
239,8.5,2031.5
405,9.3,3766.500000000001
377,8.7,3279.9
386,7.8,3010.8
325,7.9,2567.5
647,7.8,5046.599999999999
733,8.5,6230.5
405,8.5,3442.5
429,8.7,3732.3
286,8.3,2373.8
486,8.3,4033.8
577,8.2,4731.4
357,9.1,3248.7
333,7.4,2464.2000000000003
607,9.3,5645.1
635,9.2,5842.0
364,8.1,2948.4
484,9.1,4404.4
427,8.9,3800.3
408,8.7,3549.6
566,7.9,4471.400000000001
554,8.5,4709.0
522,7.8,4071.6
527,7.7,4057.9
708,8.4,5947.2
601,8.4,5048.400000000001
464,7.6,3526.4
558,7.9,4408.2
610,7.6,4636.0
250,8.9,2225.0
434,7.9,3428.6000000000004
593,8.3,4921.900000000001
494,8.1,4001.4
385,7.7,2964.5
483,9.2,4443.599999999999
631,7.4,4669.400000000001
764,9.2,7028.799999999999
216,8.1,1749.6
516,8.9,4592.400000000001
623,7.4,4610.2
603,9.2,5547.599999999999
556,8.7,4837.2
466,7.9,3681.4
393,8.8,3458.4
661,8.1,5354.099999999999
667,8.1,5402.7
416,8.3,3452.8
504,7.9,3981.6
602,9.1,5478.2
550,9.2,5060.0
484,7.6,3678.4
614,8.5,5219.0
623,8.7,5420.099999999999
844,8.2,6920.799999999999
298,8.3,2473.4
415,9.2,3818.0
569,8.8,5007.200000000001
440,8.8,3872.000000000001
637,8.7,5541.9
304,9.2,2796.8
315,8.9,2803.5
751,7.4,5557.400000000001
326,7.8,2542.8
683,7.6,5190.8
626,7.4,4632.400000000001
597,8.1,4835.7
378,7.9,2986.2000000000003
575,9.3,5347.5
189,9.3,1757.7
388,8.9,3453.2000000000003
542,9.1,4932.2
608,7.8,4742.4
370,8.7,3218.9999999999995
489,8.7,4254.299999999999
830,8.9,7387.0
626,9.2,5759.2
695,7.9,5490.5
474,7.7,3649.8
443,7.6,3366.8
439,9.2,4038.8
423,9.1,3849.3
657,8.7,5715.9
730,8.2,5985.999999999999
338,8.7,2940.6
225,7.6,1710.0
464,7.4,3433.6000000000004
369,7.6,2804.4
791,7.4,5853.400000000001
578,7.9,4566.2
433,7.4,3204.2000000000003
576,8.7,5011.2
662,8.8,5825.6
492,7.6,3739.2
426,8.3,3535.8
718,7.8,5600.4
333,7.8,2597.4
671,7.8,5233.8
736,8.4,6182.400000000001
459,8.9,4085.1
524,7.6,3982.4
525,8.8,4620.0
556,8.8,4892.8
533,8.5,4530.5
608,8.8,5350.400000000001
325,8.1,2632.5
178,8.2,1459.6
595,8.8,5236.0
631,7.7,4858.7
546,7.9,4313.400000000001
447,8.3,3710.1
645,8.3,5353.500000000001
438,9.3,4073.4
606,7.7,4666.2
776,8.8,6828.8
350,9.1,3185.0
466,9.1,4240.599999999999
502,8.7,4367.4
508,9.1,4622.8
356,7.8,2776.8
542,8.7,4715.4
397,9.2,3652.4
385,8.7,3349.4999999999995
597,7.8,4656.599999999999
175,9.2,1609.9999999999998
278,8.5,2363.0
490,7.4,3626.0
496,8.2,4067.2
393,7.4,2908.2000000000003
520,8.4,4368.0
387,8.4,3250.8
609,8.2,4993.799999999999
364,8.7,3166.8
446,8.1,3612.6
461,8.3,3826.3
418,8.8,3678.4
513,8.9,4565.7
614,8.7,5341.799999999999
221,7.7,1701.7
590,8.1,4779.0
412,8.1,3337.2
390,9.1,3549.0
591,7.9,4668.900000000001
514,8.7,4471.799999999999
460,7.8,3588.0
544,8.1,4406.4
562,8.5,4777.0
616,8.9,5482.400000000001
550,7.7,4235.0
578,8.5,4913.0
619,9.3,5756.700000000001
594,8.2,4870.799999999999
623,8.8,5482.400000000001
608,9.1,5532.8
524,8.7,4558.799999999999
560,7.8,4368.0
557,8.2,4567.4
292,8.7,2540.4
535,7.7,4119.5
681,9.3,6333.3
794,8.9,7066.6
519,7.4,3840.6
430,8.1,3483.0
723,7.8,5639.4
441,8.9,3924.9
643,8.3,5336.900000000001
417,9.2,3836.4
345,8.3,2863.5000000000005
416,7.9,3286.4
646,8.9,5749.400000000001
627,8.5,5329.5
387,7.6,2941.2
539,9.1,4904.9
836,8.1,6771.599999999999
335,7.9,2646.5
210,8.2,1721.9999999999998
563,9.1,5123.3
330,9.2,3035.9999999999995
609,7.7,4689.3
509,7.7,3919.3
604,7.9,4771.6
624,7.4,4617.6
574,9.3,5338.200000000001
551,8.5,4683.5
370,8.5,3145.0
531,8.5,4513.5
518,9.3,4817.400000000001
384,9.1,3494.4
650,9.2,5979.999999999999
315,9.3,2929.5
424,7.8,3307.2
615,8.4,5166.0
473,8.1,3831.3
373,8.1,3021.3
483,7.9,3815.7
510,9.1,4641.0
409,8.5,3476.5
667,8.2,5469.4
612,8.7,5324.4
647,8.1,5240.7
720,8.3,5976.000000000001
534,8.8,4699.200000000001
434,8.5,3689.0
454,8.7,3949.8
482,8.3,4000.6
499,8.7,4341.299999999999
537,9.3,4994.1
634,7.8,4945.2
410,8.4,3444.0
551,8.9,4903.900000000001
435,8.2,3566.9999999999995
638,9.3,5933.400000000001
293,7.6,2226.8
464,8.4,3897.6
780,8.5,6630.0
604,8.8,5315.200000000001
722,8.4,6064.8
406,7.9,3207.4
227,7.4,1679.8000000000002
746,8.4,6266.400000000001
306,9.1,2784.6
423,8.7,3680.1
679,8.9,6043.1
823,7.4,6090.200000000001
627,7.4,4639.8
529,8.7,4602.299999999999
523,8.9,4654.7
557,7.7,4288.900000000001
360,8.1,2916.0
569,8.1,4608.9
422,9.1,3840.2
509,8.9,4530.1
357,9.3,3320.1000000000004
259,9.1,2356.9
560,7.4,4144.0
509,8.7,4428.299999999999
330,8.8,2904.0000000000005
355,8.2,2910.9999999999995
372,8.7,3236.4
367,9.1,3339.7
576,7.8,4492.8
458,8.9,4076.2
351,7.4,2597.4
446,8.9,3969.4
618,8.1,5005.8
418,8.4,3511.2000000000003
512,8.7,4454.4
580,7.4,4292.0
610,8.5,5185.0
385,8.4,3234.0
587,8.5,4989.5
451,7.9,3562.9
660,8.7,5741.999999999999
554,8.7,4819.799999999999
583,9.3,5421.900000000001
624,8.8,5491.200000000001
617,7.6,4689.2
158,7.7,1216.6
368,8.3,3054.4
583,8.7,5072.099999999999
645,8.7,5611.499999999999
680,7.7,5236.0
448,8.4,3763.2
493,7.7,3796.1
479,8.4,4023.6
468,8.4,3931.2
263,8.3,2182.9
485,7.9,3831.5
570,7.7,4389.0
451,8.5,3833.5
651,9.3,6054.3
518,7.4,3833.2
416,7.6,3161.6
460,8.3,3818.000000000001
672,8.4,5644.8
709,7.9,5601.1
693,7.6,5266.8
722,9.1,6570.2
327,8.7,2844.9
412,7.6,3131.2
598,9.1,5441.8
352,9.1,3203.2
578,7.4,4277.2
624,8.3,5179.200000000001
421,8.1,3410.1
480,8.1,3888.0
367,8.5,3119.5
754,8.5,6409.0
676,8.9,6016.400000000001
541,9.1,4923.099999999999
871,7.6,6619.599999999999
440,7.6,3344.0
343,8.1,2778.3
764,7.6,5806.4
300,7.6,2280.0
386,8.3,3203.8
620,8.1,5022.0
413,8.8,3634.4
592,8.5,5032.0
390,7.9,3081.0
465,8.2,3813.0
428,7.4,3167.2000000000003
378,8.2,3099.6
783,7.6,5950.799999999999
574,8.2,4706.799999999999
507,8.4,4258.8
657,7.4,4861.8
535,8.1,4333.5
674,8.8,5931.200000000001
507,8.8,4461.6
385,7.9,3041.5
218,8.4,1831.2
454,7.6,3450.4
493,9.1,4486.3
514,9.1,4677.4
780,8.3,6474.000000000001
552,9.3,5133.6
433,9.3,4026.9
550,8.4,4620.0
471,8.3,3909.3
409,9.3,3803.7
538,7.8,4196.4
438,8.7,3810.6
325,8.2,2664.9999999999995
680,7.8,5304.0
581,8.5,4938.5
631,9.2,5805.2
246,8.1,1992.6
436,9.2,4011.2
452,7.6,3435.2
655,9.2,6025.999999999999
281,7.7,2163.7000000000003
766,8.2,6281.2
440,8.4,3696.0
620,8.9,5518.0
590,8.8,5192.0
315,8.4,2646.0
226,7.7,1740.2
444,8.3,3685.2
704,8.3,5843.200000000001
604,8.4,5073.6
464,8.3,3851.2
482,9.2,4434.4
658,9.3,6119.400000000001
566,8.2,4641.2
384,8.1,3110.4
378,8.5,3213.0
682,8.7,5933.4
756,7.7,5821.2
384,9.3,3571.2000000000003
423,8.5,3595.5
467,8.2,3829.4
289,7.8,2254.2
254,9.2,2336.8
600,8.3,4980.0
570,8.2,4674.0
448,9.3,4166.400000000001
440,7.9,3476.0
473,7.4,3500.2000000000003
407,8.4,3418.8
597,7.9,4716.3
559,7.7,4304.3
713,8.3,5917.900000000001
542,8.5,4607.0
322,9.2,2962.4
638,8.2,5231.599999999999
502,7.7,3865.4
412,8.5,3502.0
598,8.5,5083.0
621,7.9,4905.900000000001
406,8.5,3451.0
707,8.2,5797.4
333,8.5,2830.5
484,8.4,4065.6
713,7.7,5490.1
595,7.6,4522.0
340,8.4,2856.0
355,7.4,2627.0
532,8.5,4522.0
286,7.9,2259.4
605,8.2,4961.0
691,8.9,6149.900000000001
409,8.3,3394.7000000000003
622,7.8,4851.599999999999
535,8.3,4440.5
538,8.9,4788.2
406,8.8,3572.8
430,7.9,3397.0
473,9.3,4398.900000000001
381,8.7,3314.7
713,8.2,5846.599999999999
617,7.4,4565.8
434,8.9,3862.6
641,9.2,5897.2
239,7.9,1888.1
597,9.1,5432.7
556,8.2,4559.2
570,8.8,5016.0
518,8.9,4610.2
339,8.5,2881.5
705,8.2,5780.999999999999
615,8.8,5412.0
530,8.5,4505.0
403,8.9,3586.7000000000003
559,8.7,4863.299999999999
810,7.9,6399.0
718,8.8,6318.400000000001
308,9.3,2864.4
619,7.4,4580.6
605,7.8,4719.0
527,7.9,4163.3
407,8.9,3622.3
491,7.9,3878.9
517,8.1,4187.7
511,8.5,4343.5
488,7.9,3855.2
760,8.3,6308.000000000001
487,8.4,4090.8
530,7.9,4187.0
239,9.2,2198.8
663,8.9,5900.7
658,8.1,5329.8
285,8.2,2337.0
471,8.8,4144.8
596,8.1,4827.599999999999
372,7.6,2827.2
335,9.2,3081.9999999999995
516,8.7,4489.2
519,8.4,4359.6
699,8.1,5661.9
506,7.8,3946.8
425,9.3,3952.500000000001
500,9.1,4550.0
531,8.4,4460.400000000001
401,7.6,3047.6
419,8.5,3561.5
461,8.9,4102.900000000001
639,8.9,5687.1
356,7.4,2634.4
688,8.5,5848.0
456,8.3,3784.8
449,9.2,4130.799999999999
471,9.3,4380.3
320,8.4,2688.0
518,8.5,4403.0
692,8.3,5743.6
708,9.1,6442.8
573,8.9,5099.7
809,8.9,7200.1
586,8.2,4805.2
662,8.7,5759.4
485,8.1,3928.5
332,7.7,2556.4
544,8.5,4624.0
353,8.3,2929.9
265,7.7,2040.5
610,7.8,4758.0
489,8.3,4058.7
357,8.4,2998.8
617,9.1,5614.7
555,7.7,4273.5
602,8.5,5117.0
375,8.9,3337.5
334,8.9,2972.6
374,8.9,3328.6
551,7.7,4242.7
470,9.3,4371.0
517,8.5,4394.5
410,8.2,3361.9999999999995
707,8.9,6292.3
737,8.8,6485.6
672,8.3,5577.6
711,7.7,5474.7
416,7.4,3078.4
658,8.4,5527.2
326,8.3,2705.8
484,7.7,3726.8
677,8.5,5754.5
492,8.3,4083.6
747,7.9,5901.3
262,7.9,2069.8
691,7.6,5251.599999999999
585,7.6,4446.0
338,9.1,3075.8
512,8.4,4300.8
289,8.9,2572.1
729,7.4,5394.6
568,7.8,4430.4
657,8.1,5321.7
287,8.9,2554.3
482,7.8,3759.6
558,8.1,4519.8
464,8.9,4129.6
498,9.1,4531.8
402,8.8,3537.6000000000004
806,9.2,7415.2
773,8.5,6570.5
463,8.5,3935.5
661,9.1,6015.099999999999
657,8.3,5453.1
374,8.1,3029.4
456,9.3,4240.8
713,9.2,6559.599999999999
698,7.4,5165.2
273,8.3,2265.9
236,8.2,1935.2
619,8.4,5199.6
472,8.5,4012.0
594,9.1,5405.4
493,7.6,3746.8
684,8.1,5540.4
455,8.4,3822.0
619,7.8,4828.2
352,9.2,3238.4
694,9.2,6384.799999999999
368,7.9,2907.2000000000003
400,7.9,3160.0
602,7.8,4695.599999999999
655,8.5,5567.5
338,7.7,2602.6
418,9.2,3845.6
535,8.9,4761.5
674,8.3,5594.200000000001
346,8.3,2871.8
395,7.9,3120.5
598,8.9,5322.2
775,7.4,5735.0
571,7.9,4510.900000000001
729,8.1,5904.9
610,8.8,5368.0
410,7.9,3239.0
702,7.6,5335.2
347,8.4,2914.8
554,7.9,4376.6
389,9.1,3539.9
639,7.8,4984.2
467,7.4,3455.8
341,8.1,2762.1
507,8.1,4106.7
417,7.8,3252.6
713,8.8,6274.400000000001
431,7.8,3361.8
642,8.1,5200.2
480,8.8,4224.0
308,9.2,2833.6
495,8.3,4108.5
428,7.6,3252.8
672,7.8,5241.599999999999
373,7.4,2760.2000000000003
529,7.7,4073.3
320,7.8,2496.0
393,8.5,3340.5
477,7.4,3529.8
425,9.1,3867.5
310,7.7,2387.0
386,7.6,2933.6
695,8.7,6046.499999999999
654,7.9,5166.6
515,8.5,4377.5
314,7.8,2449.2
310,7.4,2294.0
605,9.2,5566.0
410,9.3,3813.000000000001
694,8.4,5829.6
596,7.7,4589.2
336,7.9,2654.4
611,9.2,5621.2
468,8.5,3978.0
597,7.4,4417.8
781,8.1,6326.099999999999
335,8.1,2713.5
504,7.7,3880.8
420,8.4,3528.0
377,9.3,3506.1000000000004
586,8.4,4922.400000000001
404,8.7,3514.8
672,9.2,6182.4
692,7.9,5466.8
362,7.6,2751.2
444,9.1,4040.4
785,7.6,5966.0
471,9.2,4333.2
555,8.7,4828.5
402,8.5,3417.0
635,7.9,5016.5
457,7.4,3381.8
579,9.1,5268.9
676,8.4,5678.400000000001
701,7.4,5187.400000000001
439,7.8,3424.2
889,7.8,6934.2
357,8.7,3105.9
551,7.4,4077.4
743,8.9,6612.7
575,9.2,5290.0
367,7.6,2789.2
647,7.7,4981.900000000001
622,7.6,4727.2
530,9.3,4929.0
471,8.7,4097.7
437,8.4,3670.8
589,7.8,4594.2
474,7.6,3602.4
771,7.9,6090.900000000001
537,7.4,3973.8
391,8.4,3284.4
533,8.2,4370.599999999999
481,7.9,3799.9
501,9.1,4559.099999999999
246,8.9,2189.4
447,8.2,3665.4
779,9.1,7088.9
514,8.2,4214.799999999999
254,9.3,2362.2000000000003
556,9.2,5115.2
310,9.3,2883.0
550,8.3,4565.0
360,8.7,3131.9999999999995
522,7.7,4019.4
555,8.4,4662.0
612,7.9,4834.8
624,8.4,5241.6
229,8.4,1923.6
629,9.3,5849.700000000001
375,8.5,3187.5
684,7.4,5061.6
222,8.5,1887.0
452,8.5,3842.0
267,9.1,2429.7
669,9.1,6087.9
616,7.9,4866.400000000001
460,8.5,3910.0
557,9.3,5180.1
608,8.2,4985.599999999999
308,8.8,2710.4
819,8.2,6715.799999999999
706,8.2,5789.2
203,9.1,1847.3
273,8.9,2429.7000000000003
571,7.6,4339.599999999999
445,8.1,3604.5
328,8.2,2689.6
466,8.8,4100.8
710,7.4,5254.0
205,8.5,1742.5
592,8.7,5150.4
473,8.8,4162.400000000001
586,7.6,4453.599999999999
458,8.7,3984.6
540,7.4,3996.0
239,8.1,1935.9
495,8.1,4009.5
428,8.9,3809.2
506,8.2,4149.2
562,7.7,4327.400000000001
410,8.3,3403.0000000000005
688,9.2,6329.599999999999
615,8.1,4981.5
676,7.8,5272.8
605,8.9,5384.5
723,8.4,6073.2
343,8.2,2812.6
574,7.7,4419.8
542,9.2,4986.4
782,8.7,6803.4
578,8.4,4855.2
573,8.4,4813.2
469,8.7,4080.3
760,8.8,6688.000000000001
417,8.3,3461.1000000000004
433,8.2,3550.6
689,7.8,5374.2
346,7.9,2733.4
623,8.2,5108.599999999999
248,8.3,2058.4
495,7.9,3910.5
668,7.8,5210.4
492,7.7,3788.4
778,7.6,5912.799999999999
408,9.1,3712.8
858,8.4,7207.200000000001
377,7.8,2940.6
412,7.8,3213.6
690,8.9,6141.0
487,7.4,3603.8
443,9.3,4119.900000000001
481,8.8,4232.8
641,7.7,4935.7
346,7.6,2629.6
593,9.2,5455.599999999999
316,7.9,2496.4
585,8.7,5089.5
504,9.1,4586.4
334,8.4,2805.6
518,9.1,4713.8
714,8.3,5926.200000000001
651,8.1,5273.099999999999
515,8.2,4223.0
651,8.7,5663.7
698,7.6,5304.8
222,7.4,1642.8000000000002
387,8.7,3366.9
569,8.7,4950.299999999999
532,8.3,4415.6
580,7.7,4466.0
437,8.2,3583.4
443,8.8,3898.4
324,7.4,2397.6
707,8.5,6009.5
742,7.8,5787.599999999999
219,7.8,1708.2
773,9.2,7111.599999999999
534,8.1,4325.4
291,8.8,2560.8
568,8.1,4600.8
494,9.2,4544.799999999999
653,8.4,5485.2
304,7.8,2371.2
570,7.9,4503.0
681,8.9,6060.900000000001
443,8.2,3632.6
345,9.1,3139.5
926,8.5,7871.0
410,8.5,3485.0
571,7.7,4396.7
639,8.3,5303.700000000001
463,8.1,3750.3
638,7.8,4976.4
237,8.8,2085.6000000000004
419,7.8,3268.2
667,9.1,6069.7
393,9.2,3615.6
313,9.1,2848.3
547,8.5,4649.5
588,7.9,4645.2
586,7.9,4629.400000000001
671,8.9,5971.900000000001
629,9.2,5786.799999999999
798,9.2,7341.599999999999
591,8.4,4964.400000000001
430,7.4,3182.0
358,8.7,3114.6
336,7.4,2486.4
538,8.8,4734.400000000001
422,8.2,3460.4
455,7.6,3458.0
318,7.9,2512.2000000000003
174,8.8,1531.2
515,8.4,4326.0
573,7.9,4526.7
641,8.5,5448.5
603,8.3,5004.900000000001
273,7.8,2129.4
353,8.4,2965.2000000000003
272,8.8,2393.6000000000004
562,8.2,4608.4
538,8.2,4411.599999999999
556,7.7,4281.2
713,8.7,6203.099999999999
369,8.8,3247.2000000000003
434,9.3,4036.2
365,8.2,2992.9999999999995
475,7.9,3752.5
416,8.8,3660.8
800,7.7,6160.0
421,9.1,3831.1
492,7.4,3640.8
348,7.4,2575.2000000000003
309,8.5,2626.5
626,8.3,5195.8
471,7.7,3626.7
273,7.9,2156.7000000000003
424,8.9,3773.6
513,8.5,4360.5
501,8.9,4458.900000000001
476,8.3,3950.8
531,9.3,4938.3
613,7.6,4658.8
732,8.8,6441.6
299,8.9,2661.1
753,7.4,5572.2
279,7.7,2148.3
674,8.7,5863.799999999999
317,8.2,2599.4
397,8.5,3374.5
348,8.1,2818.8
311,7.6,2363.6
660,8.1,5346.0
591,7.8,4609.8
319,7.7,2456.3
500,8.2,4100.0
539,9.3,5012.700000000001
378,8.1,3061.8
667,8.3,5536.1
475,8.2,3895.0
721,8.9,6416.900000000001
404,8.2,3312.8
782,7.6,5943.2
565,9.1,5141.5
710,8.4,5964.0
351,8.2,2878.2
579,8.4,4863.6
722,9.3,6714.6
345,8.9,3070.5
360,8.5,3060.0
485,8.2,3977.0
377,7.7,2902.9
555,8.2,4551.0
454,9.1,4131.4
383,9.1,3485.3
761,9.3,7077.3
568,9.3,5282.400000000001
516,7.9,4076.4
738,8.7,6420.599999999999
646,9.2,5943.2
321,7.7,2471.7000000000003
739,8.9,6577.1
475,8.5,4037.5
435,9.3,4045.500000000001
386,7.9,3049.4
566,8.9,5037.400000000001
327,7.8,2550.6
499,8.8,4391.200000000001
540,8.4,4536.0
497,9.1,4522.7
598,7.7,4604.6
347,8.3,2880.1000000000004
365,8.4,3066.0
441,8.4,3704.4
478,8.9,4254.2
515,8.8,4532.0
768,8.9,6835.200000000001
254,7.4,1879.6
521,7.6,3959.6
433,7.6,3290.8
592,8.9,5268.8
317,7.6,2409.2
674,7.9,5324.6
465,8.8,4092.000000000001
554,9.1,5041.4
551,9.3,5124.3
510,8.1,4131.0
477,8.2,3911.4
353,8.1,2859.3
393,8.3,3261.9
291,7.6,2211.6
419,8.1,3393.9
804,9.2,7396.799999999999
564,7.7,4342.8
758,7.9,5988.2
587,8.1,4754.7
692,8.1,5605.2
479,7.9,3784.1
535,8.5,4547.5
725,9.2,6669.999999999999
388,8.8,3414.4
314,9.3,2920.2000000000003
468,7.8,3650.4
579,7.9,4574.1
424,9.1,3858.4
617,8.9,5491.3
581,8.7,5054.7
500,9.3,4650.0
372,8.1,3013.2
516,7.6,3921.6
659,7.8,5140.2
554,9.3,5152.200000000001
504,8.2,4132.799999999999
550,7.6,4180.0
258,9.1,2347.8
466,8.4,3914.4
418,8.9,3720.2
373,7.6,2834.8
739,9.2,6798.799999999999
407,7.6,3093.2
237,8.4,1990.8
644,7.7,4958.8
521,8.2,4272.2
439,8.3,3643.7
334,7.4,2471.6
562,8.1,4552.2
323,8.7,2810.1
729,8.2,5977.799999999999
411,7.8,3205.8
584,9.1,5314.4
654,7.4,4839.6
415,8.1,3361.5
667,7.8,5202.599999999999
613,8.8,5394.400000000001
633,8.8,5570.400000000001
432,7.4,3196.8
687,7.6,5221.2
694,8.7,6037.799999999999
390,7.4,2886.0
465,8.4,3906.0
486,8.2,3985.2
684,8.8,6019.200000000001
279,9.3,2594.7000000000003
729,8.7,6342.299999999999
387,8.1,3134.7
453,8.9,4031.7
665,8.1,5386.5
395,8.4,3318.0
395,9.3,3673.500000000001
637,8.8,5605.6
548,8.9,4877.2
388,9.2,3569.6
586,9.2,5391.2
652,8.2,5346.4
597,9.3,5552.1
515,7.8,4017.0
562,7.8,4383.599999999999
264,8.1,2138.4
499,9.1,4540.9
293,8.4,2461.2000000000003
250,7.8,1950.0
781,7.9,6169.900000000001
614,8.4,5157.6
885,7.7,6814.5
516,8.1,4179.599999999999
553,9.2,5087.599999999999
729,7.8,5686.2
381,8.5,3238.5
425,8.1,3442.5
703,7.4,5202.2
327,8.3,2714.1000000000004
409,8.4,3435.6000000000004
356,7.6,2705.6
679,7.7,5228.3
322,9.3,2994.6000000000004
551,7.6,4187.599999999999
400,7.4,2960.0
365,8.8,3212.0000000000005
490,8.2,4018.0
447,7.8,3486.6
362,9.2,3330.4
655,7.9,5174.5
425,7.7,3272.5
767,7.4,5675.8
575,8.8,5060.0
434,8.1,3515.4
632,9.1,5751.2
486,7.8,3790.8
431,7.7,3318.7000000000003
741,8.2,6076.2
177,7.8,1380.6
463,7.6,3518.8
417,7.6,3169.2
302,8.7,2627.4
331,8.8,2912.8
676,7.4,5002.400000000001
320,7.9,2528.0
554,8.3,4598.200000000001
326,7.9,2575.4
438,8.3,3635.4
610,7.9,4819.0
544,9.2,5004.799999999999
489,9.3,4547.700000000001
603,8.1,4884.3
364,8.9,3239.6
264,8.5,2244.0
540,7.6,4104.0
667,9.2,6136.4
509,8.8,4479.200000000001
548,9.1,4986.8
584,7.6,4438.4
461,8.7,4010.7
483,8.8,4250.400000000001
311,8.5,2643.5
434,9.2,3992.8
511,8.7,4445.7
376,8.1,3045.6
481,8.2,3944.2
430,7.7,3311.0
570,9.1,5187.0
494,8.8,4347.200000000001
426,8.7,3706.2
318,8.1,2575.8
306,8.8,2692.8
377,8.4,3166.8
627,8.9,5580.3
357,8.9,3177.3
279,8.9,2483.1
549,8.8,4831.200000000001
241,8.7,2096.7
714,7.6,5426.4
486,9.2,4471.2
597,8.4,5014.8
603,9.3,5607.900000000001
616,9.2,5667.2
187,8.9,1664.3
405,7.4,2997.0
344,7.8,2683.2
648,8.2,5313.599999999999
469,8.3,3892.7
350,9.3,3255.0000000000005
529,7.9,4179.1
406,8.7,3532.2
387,9.2,3560.4
392,8.3,3253.6000000000004
494,8.7,4297.799999999999
538,8.1,4357.8
355,9.2,3265.9999999999995
496,9.1,4513.599999999999
247,8.9,2198.3
489,8.1,3960.9
561,8.9,4992.900000000001
453,7.6,3442.8
529,8.5,4496.5
613,9.2,5639.599999999999
572,8.4,4804.8
668,8.2,5477.599999999999
358,8.4,3007.2000000000003
756,8.4,6350.400000000001
791,8.9,7039.900000000001
230,9.3,2139.0
683,8.3,5668.900000000001
472,8.2,3870.4
329,9.3,3059.7000000000003
363,7.4,2686.2000000000003
685,8.8,6028.000000000001
476,9.1,4331.599999999999
571,7.8,4453.8
813,8.5,6910.5
451,7.4,3337.4
412,8.4,3460.8
481,8.9,4280.900000000001
539,8.9,4797.1
486,8.4,4082.4
658,8.2,5395.599999999999
256,8.4,2150.4
660,9.2,6071.999999999999
528,8.9,4699.2
306,8.1,2478.6
414,7.8,3229.2
512,9.1,4659.2
401,7.4,2967.4
466,7.4,3448.4
507,8.5,4309.5
374,9.2,3440.8
548,7.9,4329.2
697,7.7,5366.900000000001
320,7.4,2368.0
526,7.7,4050.2
383,8.3,3178.9
438,9.2,4029.6
334,7.8,2605.2
492,9.1,4477.2
474,8.9,4218.6
369,8.4,3099.6
568,7.9,4487.2
551,7.8,4297.8
396,8.7,3445.2
465,9.2,4278.0
596,9.3,5542.8
422,7.7,3249.4
794,7.7,6113.8
745,8.4,6258.0
651,9.2,5989.2
408,8.9,3631.2
417,8.2,3419.4
393,8.1,3183.3
444,8.2,3640.8
647,7.6,4917.2
733,8.3,6083.900000000001
595,8.7,5176.5
616,8.1,4989.599999999999
383,7.4,2834.2000000000003
366,8.1,2964.6
331,7.9,2614.9
736,8.3,6108.8
475,9.1,4322.5
190,8.9,1691.0
570,8.3,4731.0
606,9.1,5514.599999999999
315,7.4,2331.0
502,9.1,4568.2
251,8.9,2233.9
539,8.4,4527.6
446,9.3,4147.8
514,8.1,4163.4
500,9.2,4600.0
737,7.7,5674.900000000001
351,9.1,3194.1
399,8.2,3271.8
289,8.2,2369.8
355,8.7,3088.4999999999995
340,8.2,2787.9999999999995
616,7.4,4558.400000000001
457,9.3,4250.1
737,7.8,5748.599999999999
649,9.1,5905.9
651,8.3,5403.3
398,8.9,3542.2000000000003
740,9.1,6734.0
428,8.3,3552.4
561,8.1,4544.099999999999
819,9.3,7616.700000000001
267,8.2,2189.4
260,8.3,2158.0
409,9.2,3762.8
477,7.8,3720.6
274,8.2,2246.8
446,8.3,3701.8
702,9.3,6528.6
709,8.4,5955.6
774,9.1,7043.4
565,8.9,5028.5
582,8.4,4888.8
724,8.7,6298.799999999999
402,8.7,3497.4
577,7.8,4500.599999999999
592,9.2,5446.4
800,7.8,6240.0
633,8.9,5633.7
747,9.1,6797.7
439,7.6,3336.4
420,9.1,3822.0
412,7.4,3048.8
571,8.2,4682.2
615,8.9,5473.5
694,7.9,5482.6
807,7.6,6133.2
632,7.9,4992.8
696,8.1,5637.599999999999
630,8.7,5481.0
297,8.7,2583.9
494,9.3,4594.200000000001
310,9.1,2821.0
291,8.2,2386.2
273,9.2,2511.6
564,8.8,4963.200000000001
498,7.4,3685.2
384,8.8,3379.2000000000003
306,7.9,2417.4
823,9.1,7489.299999999999
570,8.4,4788.0
361,8.8,3176.8
276,8.8,2428.8
369,8.7,3210.3
652,8.7,5672.4
633,8.5,5380.5
592,8.1,4795.2
617,8.4,5182.8
426,7.9,3365.4
432,9.3,4017.6
514,7.9,4060.6
601,9.1,5469.099999999999
559,8.4,4695.6
454,8.4,3813.6
678,7.7,5220.6
382,7.8,2979.6
459,8.5,3901.5
609,7.4,4506.6
504,7.4,3729.6
414,7.4,3063.6000000000004
690,7.4,5106.0
788,7.8,6146.4
637,9.2,5860.4
252,8.9,2242.8
371,8.2,3042.2
307,8.8,2701.6000000000004
509,7.4,3766.6
494,8.5,4199.0
645,8.8,5676.000000000001
484,7.4,3581.6000000000004
451,8.7,3923.7
720,7.7,5544.0
680,8.4,5712.0
446,9.2,4103.2
646,8.7,5620.2
631,8.5,5363.5
617,7.9,4874.3
452,8.3,3751.6
591,7.4,4373.400000000001
641,7.9,5063.900000000001
482,8.2,3952.4
642,8.5,5457.0
645,9.1,5869.5
552,8.1,4471.2
475,7.7,3657.5
589,9.3,5477.700000000001
768,8.1,6220.799999999999
360,8.9,3204.0
716,8.9,6372.400000000001
454,9.3,4222.200000000001
355,7.9,2804.5
472,8.4,3964.8
242,7.8,1887.6
611,9.3,5682.3
469,8.1,3798.9
518,7.8,4040.4
356,8.4,2990.4
428,8.5,3638.0
359,8.2,2943.8
664,8.7,5776.799999999999
341,7.9,2693.9
478,9.2,4397.599999999999
491,7.6,3731.6
393,7.6,2986.8
719,9.3,6686.700000000001
498,7.9,3934.2
420,8.3,3486.0000000000005
544,9.1,4950.4
207,8.5,1759.5
321,8.1,2600.1
641,7.6,4871.599999999999
397,7.6,3017.2
447,8.7,3888.9
534,8.4,4485.6
322,7.6,2447.2
635,8.1,5143.5
443,8.3,3676.9
337,8.7,2931.9
520,8.3,4316.0
748,7.4,5535.2
540,8.9,4806.0
467,7.8,3642.6
318,7.4,2353.2000000000003
777,9.3,7226.1
448,8.7,3897.6
734,7.7,5651.8
800,8.4,6720.0
638,8.1,5167.8
694,8.2,5690.799999999999
382,7.6,2903.2
639,9.1,5814.9
646,8.3,5361.8
347,8.5,2949.5
487,8.7,4236.9
536,7.6,4073.6
450,8.1,3645.0
647,8.2,5305.4
616,8.8,5420.8
338,9.3,3143.4
408,8.1,3304.8
518,7.7,3988.6
680,8.7,5915.999999999999
781,8.9,6950.900000000001
491,8.1,3977.1
600,7.7,4620.0
732,7.9,5782.8
481,7.8,3751.8
262,8.9,2331.8
559,8.1,4527.9
638,9.1,5805.8
725,7.4,5365.0
515,7.9,4068.5
423,8.2,3468.6
352,7.8,2745.6
390,8.3,3237.0000000000005
612,7.8,4773.599999999999
487,8.9,4334.3
755,8.7,6568.499999999999
561,8.7,4880.7
672,8.9,5980.8
791,8.3,6565.3
423,7.8,3299.4
511,9.2,4701.2
269,7.4,1990.6
717,7.4,5305.8
852,9.1,7753.2
313,7.4,2316.2000000000003
741,9.1,6743.099999999999
708,7.7,5451.6
475,8.1,3847.5
762,7.9,6019.8
404,9.3,3757.2
305,8.9,2714.5
664,7.7,5112.8
670,9.3,6231.000000000001
548,8.8,4822.400000000001
488,8.2,4001.6
764,9.1,6952.4
482,8.5,4097.0
521,8.5,4428.5
798,7.8,6224.4
514,7.4,3803.6
609,9.1,5541.9
411,9.3,3822.3
567,7.7,4365.900000000001
298,8.1,2413.8
399,7.9,3152.1000000000004
402,7.7,3095.4
518,9.2,4765.599999999999
858,7.7,6606.6
463,7.7,3565.1
421,8.3,3494.3
341,7.7,2625.7000000000003
404,9.1,3676.4
528,7.9,4171.2
365,9.3,3394.5000000000005
649,8.2,5321.799999999999
729,7.6,5540.4
372,8.3,3087.6000000000004
453,8.1,3669.3
566,8.7,4924.2
450,9.1,4095.0
484,8.8,4259.200000000001
286,7.7,2202.2000000000003
444,9.3,4129.200000000001
600,7.9,4740.0
637,7.4,4713.8
506,8.3,4199.8
575,7.9,4542.5
674,8.2,5526.799999999999
434,8.3,3602.2000000000003
724,8.8,6371.200000000001
201,8.1,1628.1
642,8.4,5392.8
356,8.1,2883.6
505,7.8,3939.0
627,7.7,4827.900000000001
476,7.4,3522.4
609,9.2,5602.799999999999
340,8.3,2822.0000000000005
604,9.3,5617.200000000001
474,8.3,3934.2
335,8.5,2847.5
745,9.1,6779.5
155,7.7,1193.5
425,8.9,3782.5
427,7.7,3287.9
668,7.4,4943.2
642,8.8,5649.6
210,8.1,1701.0
325,9.3,3022.5000000000005
408,8.3,3386.4
547,7.6,4157.2
547,9.1,4977.7
649,7.4,4802.6
498,7.6,3784.8
293,9.1,2666.3
377,9.2,3468.4
481,7.6,3655.6
781,9.2,7185.2
520,8.7,4524.0
430,8.2,3525.9999999999995
486,7.9,3839.4
574,7.8,4477.2
372,8.9,3310.8
650,9.3,6045.000000000001
353,7.4,2612.2000000000003
779,7.4,5764.6
426,7.6,3237.6
195,7.6,1482.0
520,8.9,4628.0
654,7.6,4970.4
337,9.2,3100.4
346,9.1,3148.6
408,7.6,3100.8
464,7.9,3665.6
583,8.2,4780.599999999999
750,7.9,5925.0
771,8.9,6861.900000000001
372,7.8,2901.6
745,7.4,5513.0
318,7.8,2480.4
613,8.7,5333.099999999999
441,7.4,3263.4
540,8.5,4590.0
407,9.2,3744.4
698,8.3,5793.400000000001
362,8.9,3221.8
591,8.1,4787.099999999999
148,8.3,1228.4
757,7.6,5753.2
429,7.8,3346.2
793,8.2,6502.599999999999
424,8.2,3476.8
721,8.7,6272.7
349,8.1,2826.9
387,8.9,3444.3
693,7.4,5128.2
327,8.1,2648.7
611,8.9,5437.900000000001
644,8.2,5280.799999999999
564,8.1,4568.4
243,8.5,2065.5
754,9.1,6861.4
309,7.8,2410.2
476,8.2,3903.2
865,8.9,7698.5
433,8.8,3810.4
463,8.8,4074.400000000001
293,7.8,2285.4
385,7.6,2926.0
724,7.9,5719.6
677,8.3,5619.1
573,7.8,4469.4
401,8.8,3528.8
792,8.3,6573.6
524,8.4,4401.6
583,8.1,4722.3
379,7.9,2994.1
377,7.6,2865.2
461,9.2,4241.2
666,8.9,5927.400000000001
498,7.8,3884.4
499,8.1,4041.9
650,7.7,5005.0
557,7.8,4344.599999999999
663,8.8,5834.400000000001
264,9.2,2428.8
587,9.2,5400.4
563,9.2,5179.599999999999
651,8.2,5338.2
329,8.5,2796.5
382,7.7,2941.4
450,7.8,3510.0
590,7.9,4661.0
422,8.8,3713.6
716,8.1,5799.599999999999
646,8.8,5684.8
454,8.8,3995.2
304,7.9,2401.6
498,8.8,4382.400000000001
344,8.2,2820.8
439,9.1,3994.9
502,7.4,3714.8
565,8.5,4802.5
411,7.6,3123.6
358,8.2,2935.6
356,8.7,3097.2
719,9.1,6542.9
547,7.4,4047.8
655,8.1,5305.5
542,7.8,4227.599999999999
349,7.9,2757.1
368,7.8,2870.4
454,8.9,4040.6
359,7.4,2656.6
404,9.2,3716.8
510,7.7,3927.0
648,8.1,5248.8
665,8.8,5852.000000000001
710,9.1,6461.0
343,8.9,3052.7000000000003
451,7.8,3517.8
373,9.2,3431.6
349,8.5,2966.5
765,8.5,6502.5
276,8.9,2456.4
577,8.7,5019.9
682,8.8,6001.6
533,8.7,4637.099999999999
316,9.1,2875.6
450,8.2,3690.0
482,8.8,4241.6
695,8.4,5838.0
663,9.1,6033.3
162,7.6,1231.2
370,7.8,2886.0
656,9.1,5969.599999999999
358,8.5,3043.0
686,8.7,5968.2
278,7.6,2112.8
351,8.7,3053.7
767,7.6,5829.2
652,8.8,5737.6
407,9.3,3785.1
699,9.3,6500.700000000001
312,8.8,2745.6000000000004
289,9.2,2658.8
686,9.3,6379.8
347,8.8,3053.6000000000004
362,7.4,2678.8
581,9.3,5403.3
865,8.7,7525.499999999999
684,7.6,5198.4
392,8.2,3214.4
396,7.9,3128.4
549,9.1,4995.9
695,7.6,5282.0
347,9.3,3227.1000000000004
607,7.6,4613.2
549,7.8,4282.2
677,7.6,5145.2
710,8.8,6248.000000000001
582,8.2,4772.4
455,8.1,3685.5
485,8.7,4219.5
344,7.4,2545.6
536,7.7,4127.2
795,8.1,6439.5
604,7.8,4711.2
522,9.2,4802.4
564,8.2,4624.799999999999
547,8.4,4594.8
441,8.2,3616.2
632,7.7,4866.400000000001
519,7.8,4048.2
685,8.9,6096.5
394,7.9,3112.6000000000004
737,8.1,5969.7
635,7.6,4826.0
332,9.3,3087.6000000000004
306,9.3,2845.8
307,8.7,2670.9
666,8.4,5594.400000000001
259,7.6,1968.4
309,8.7,2688.3
377,8.2,3091.4
513,7.7,3950.1
418,7.8,3260.4
720,7.9,5688.0
407,8.2,3337.4
416,9.3,3868.8
281,7.6,2135.6
736,8.7,6403.2
609,8.4,5115.6
349,9.3,3245.7000000000003
303,8.7,2636.1
759,7.6,5768.4
497,7.4,3677.8
509,9.2,4682.799999999999
631,9.3,5868.3
155,7.4,1147.0
645,8.4,5418.0
278,8.1,2251.8
547,8.9,4868.3
432,8.4,3628.8
462,7.9,3649.8
324,7.8,2527.2
252,9.2,2318.4
469,7.9,3705.1
249,9.3,2315.7000000000003
436,8.7,3793.2
628,7.4,4647.2
571,8.1,4625.099999999999
610,8.1,4941.0
386,8.4,3242.4
663,8.2,5436.599999999999
352,8.3,2921.6000000000004
476,8.9,4236.400000000001
262,8.8,2305.6000000000004
287,8.4,2410.8
306,8.3,2539.8
616,8.2,5051.2
745,9.2,6853.999999999999
712,8.9,6336.8
498,8.9,4432.2
303,8.1,2454.3
455,8.8,4004.000000000001
382,8.7,3323.4
298,9.3,2771.4
503,9.1,4577.3
354,8.7,3079.8
638,8.8,5614.400000000001
733,8.9,6523.7
498,8.4,4183.2
343,9.1,3121.3
680,8.3,5644.000000000001
675,7.6,5130.0
346,7.4,2560.4
438,8.1,3547.8
370,7.9,2923.0
858,8.7,7464.599999999999
650,8.5,5525.0
265,8.2,2173.0
715,8.4,6006.0
530,7.6,4028.0
571,8.7,4967.7
411,9.1,3740.1
733,7.6,5570.8
565,8.3,4689.5
445,8.2,3649.0
503,8.8,4426.400000000001
575,8.2,4715.0
228,8.8,2006.4
402,7.9,3175.8
671,8.2,5502.2
265,8.9,2358.5
200,7.7,1540.0
327,7.4,2419.8
749,8.8,6591.200000000001
293,9.2,2695.6
907,8.5,7709.5
789,8.4,6627.6
615,7.7,4735.5
662,7.6,5031.2
666,9.1,6060.599999999999
559,8.3,4639.700000000001
630,7.6,4788.0
543,9.2,4995.599999999999
379,7.4,2804.6
487,7.8,3798.6
453,9.1,4122.3
538,9.1,4895.8
295,8.2,2419.0
590,9.3,5487.0
415,8.8,3652.000000000001
405,7.6,3078.0
568,8.4,4771.2
616,8.7,5359.2
539,9.2,4958.799999999999
341,8.4,2864.4
433,8.3,3593.9
537,7.6,4081.2
738,8.1,5977.8
563,8.8,4954.400000000001
479,7.7,3688.3
610,7.4,4514.0
481,9.3,4473.3
769,9.1,6997.9
304,9.3,2827.2000000000003
577,8.4,4846.8
578,9.1,5259.8
421,7.4,3115.4
687,8.8,6045.6
511,8.1,4139.099999999999
507,9.3,4715.1
246,8.7,2140.2
352,7.9,2780.8
323,8.2,2648.6
662,7.4,4898.8
246,7.8,1918.8
696,8.5,5916.0
430,8.4,3612.0
693,9.3,6444.900000000001
660,8.8,5808.000000000001
643,7.9,5079.7
372,8.4,3124.8
362,9.1,3294.2
731,7.7,5628.7
663,8.4,5569.2
534,7.6,4058.4
503,8.2,4124.599999999999
452,8.4,3796.8
621,8.2,5092.2
384,7.7,2956.8
384,8.5,3264.0
441,9.3,4101.3
193,7.7,1486.1
512,7.8,3993.6
693,8.3,5751.900000000001
611,7.4,4521.400000000001
370,7.6,2812.0
650,7.8,5070.0
674,8.4,5661.6
629,8.7,5472.299999999999
492,7.9,3886.8
338,8.1,2737.8
670,8.7,5828.999999999999
433,7.7,3334.1
477,8.9,4245.3
456,8.7,3967.2
668,9.2,6145.599999999999
354,8.1,2867.4
391,8.8,3440.8
599,8.1,4851.9
361,7.8,2815.8
506,9.3,4705.8
325,8.3,2697.5000000000005
392,8.1,3175.2
643,8.4,5401.2
585,9.2,5382.0
621,7.8,4843.8
699,9.2,6430.799999999999
627,8.1,5078.7
551,8.7,4793.7
533,8.4,4477.2
307,7.7,2363.9
442,7.4,3270.8
681,8.5,5788.5
625,8.7,5437.5
534,7.8,4165.2
341,9.1,3103.1
354,8.8,3115.2000000000003
642,9.3,5970.6
417,9.1,3794.7
377,7.9,2978.3
769,7.9,6075.1
387,8.2,3173.4
664,7.8,5179.2
471,7.8,3673.8
762,9.2,7010.4
542,7.4,4010.8
422,8.9,3755.8
778,7.7,5990.6
577,8.3,4789.1
458,9.3,4259.400000000001
440,9.1,4004.0
638,8.7,5550.599999999999
442,9.3,4110.6
378,8.7,3288.6
457,8.7,3975.9
516,8.4,4334.400000000001
405,9.1,3685.5
448,8.3,3718.400000000001
353,7.7,2718.1
669,8.9,5954.1
301,7.7,2317.7000000000003
303,7.9,2393.7000000000003
440,9.3,4092.000000000001
536,8.7,4663.2
718,7.6,5456.8
519,8.5,4411.5
673,8.7,5855.099999999999
434,8.8,3819.2
654,9.2,6016.799999999999
321,7.9,2535.9
457,7.7,3518.9
488,9.1,4440.8
315,8.1,2551.5
664,8.8,5843.200000000001
578,8.7,5028.599999999999
732,9.2,6734.4
608,7.9,4803.2
364,8.8,3203.2000000000003
368,8.1,2980.8
686,7.4,5076.400000000001
743,8.1,6018.3
341,8.3,2830.3
835,9.2,7681.999999999999
331,7.7,2548.7000000000003
516,7.4,3818.4
559,8.5,4751.5
736,7.9,5814.400000000001
670,8.8,5896.000000000001
329,8.3,2730.7000000000003
654,9.1,5951.4
299,9.3,2780.7000000000003
364,8.2,2984.8
620,9.1,5642.0
407,8.3,3378.1000000000004
450,7.7,3465.0
726,8.8,6388.8
327,8.5,2779.5
610,7.7,4697.0
680,9.2,6255.999999999999
360,9.2,3311.9999999999995
284,9.1,2584.4
349,7.6,2652.4
500,7.8,3900.0
169,8.2,1385.8
392,9.1,3567.2
614,8.1,4973.4
607,7.4,4491.8
476,8.7,4141.2
677,8.4,5686.8
571,8.8,5024.8
478,8.3,3967.400000000001
348,7.9,2749.2000000000003
704,8.7,6124.799999999999
504,8.9,4485.6
634,8.4,5325.6
522,8.5,4437.0
573,7.6,4354.8
479,7.4,3544.6000000000004
570,7.4,4218.0
396,7.6,3009.6
671,8.1,5435.099999999999
452,8.9,4022.8
689,9.3,6407.700000000001
385,7.8,3003.0
602,7.4,4454.8
325,7.8,2535.0
339,7.7,2610.3
655,8.2,5370.999999999999
534,8.9,4752.6
517,7.6,3929.2
335,9.1,3048.5
310,8.4,2604.0
807,8.3,6698.1
877,7.9,6928.3
261,8.2,2140.2
840,8.3,6972.000000000001
532,9.1,4841.2
290,7.8,2262.0
586,9.1,5332.599999999999
347,8.9,3088.3
300,8.1,2430.0
695,7.7,5351.5
375,8.4,3150.0
398,8.8,3502.4
285,8.1,2308.5
503,7.4,3722.2
707,9.2,6504.4
283,7.4,2094.2000000000003
601,8.1,4868.099999999999
675,8.5,5737.5
491,8.2,4026.2
346,9.2,3183.2
619,7.6,4704.4
177,7.7,1362.9
574,7.9,4534.6
711,8.2,5830.2
405,8.4,3402.0
453,8.2,3714.6
516,8.2,4231.2
652,8.1,5281.2
559,9.1,5086.9
450,8.4,3780.0
272,7.9,2148.8
718,8.2,5887.599999999999
274,9.2,2520.8
691,9.1,6288.099999999999
459,9.1,4176.9
492,8.8,4329.6
671,9.3,6240.3
438,7.4,3241.2000000000003
506,8.4,4250.400000000001
327,8.9,2910.3
287,8.1,2324.7
290,9.3,2697.0
636,8.1,5151.599999999999
757,8.3,6283.1
271,8.8,2384.8
649,8.3,5386.700000000001
644,8.5,5474.0
806,7.4,5964.400000000001
649,8.9,5776.1
335,8.7,2914.4999999999995
510,8.4,4284.0
690,9.3,6417.000000000001
684,8.2,5608.799999999999
686,7.9,5419.400000000001
610,9.2,5612.0
372,7.4,2752.8
632,8.8,5561.6
457,8.3,3793.1
259,7.9,2046.1
747,8.7,6498.9
649,7.8,5062.2
470,7.6,3572.0
593,9.1,5396.3
645,7.7,4966.5
156,8.2,1279.1999999999998
523,9.2,4811.599999999999
615,8.7,5350.5
560,8.3,4648.0
375,7.6,2850.0
307,8.5,2609.5
197,8.1,1595.6999999999998
599,8.7,5211.299999999999
528,7.7,4065.6
345,8.4,2898.0
380,7.7,2926.0
656,7.8,5116.8
350,8.7,3044.9999999999995
308,9.1,2802.8
517,9.1,4704.7
362,9.3,3366.6000000000004
544,8.7,4732.799999999999
485,9.2,4462.0
345,7.8,2691.0
580,8.2,4756.0
664,8.9,5909.6
599,7.4,4432.6
342,7.8,2667.6
372,9.3,3459.6000000000004
740,7.8,5772.0
393,8.9,3497.7000000000003
367,7.7,2825.9
649,8.5,5516.5
555,7.6,4218.0
467,7.7,3595.9
359,8.3,2979.7000000000003
708,7.9,5593.2
270,8.4,2268.0
373,8.3,3095.9
321,8.9,2856.9
403,8.3,3344.9
442,8.7,3845.4
202,8.5,1717.0
559,8.9,4975.1
650,8.1,5265.0
553,9.3,5142.900000000001
658,7.4,4869.2
622,7.9,4913.8
741,8.3,6150.3
420,9.2,3864.0
756,8.3,6274.8
582,7.9,4597.8
524,8.1,4244.4
721,7.6,5479.599999999999
718,9.3,6677.400000000001
375,9.3,3487.5000000000005
578,9.3,5375.400000000001
324,7.9,2559.6
778,9.2,7157.599999999999
426,8.8,3748.8
484,8.1,3920.4
657,8.5,5584.5
602,7.6,4575.2
653,7.4,4832.2
197,7.6,1497.1999999999998
642,8.7,5585.4
350,7.7,2695.0
209,7.4,1546.6
568,7.4,4203.2
540,8.7,4698.0
404,7.9,3191.6000000000004
578,8.3,4797.400000000001
679,8.8,5975.200000000001
575,8.1,4657.5
560,8.1,4536.0
377,9.1,3430.7
360,7.8,2808.0
323,7.7,2487.1
735,9.1,6688.5
535,8.2,4387.0
548,8.7,4767.599999999999
406,8.3,3369.8
839,9.1,7634.9
662,9.3,6156.6
386,7.4,2856.4
537,8.7,4671.9
650,8.7,5654.999999999999
665,7.6,5054.0
575,8.3,4772.5
337,7.6,2561.2
275,8.5,2337.5
464,9.1,4222.4
427,8.8,3757.6
579,8.8,5095.200000000001
745,9.3,6928.500000000001
537,9.1,4886.7
580,9.2,5336.0
609,9.3,5663.700000000001
763,7.6,5798.8
534,9.1,4859.4
626,9.1,5696.599999999999
675,9.3,6277.500000000001
359,8.4,3015.6
392,7.8,3057.6
746,8.5,6341.0
704,9.2,6476.799999999999
589,7.6,4476.4
680,9.3,6324.000000000001
181,9.2,1665.1999999999998
461,9.3,4287.3
602,8.2,4936.4
379,7.6,2880.4
622,7.4,4602.8
615,7.8,4797.0
245,8.5,2082.5
508,9.3,4724.400000000001
463,7.9,3657.7
552,8.4,4636.8
412,9.1,3749.2
728,8.4,6115.2
461,7.6,3503.6
206,8.8,1812.8
366,7.4,2708.4
399,8.1,3231.9
690,8.8,6072.000000000001
328,7.8,2558.4
558,8.8,4910.400000000001
413,8.1,3345.3
620,7.4,4588.0
362,8.4,3040.8
811,8.9,7217.900000000001
289,8.1,2340.9
652,7.7,5020.400000000001
402,7.8,3135.6
433,9.2,3983.6
294,8.5,2499.0
383,8.7,3332.1
413,9.2,3799.6
642,7.7,4943.400000000001
647,7.4,4787.8
443,8.1,3588.3
463,9.2,4259.599999999999
678,8.2,5559.599999999999
787,7.7,6059.900000000001
439,7.4,3248.6000000000004
623,7.9,4921.7
461,7.7,3549.7000000000003
679,8.7,5907.299999999999
693,7.8,5405.4
392,8.5,3332.0
645,7.6,4902.0
307,7.4,2271.8
316,8.8,2780.8
522,8.1,4228.2
633,8.3,5253.900000000001
715,7.9,5648.5
308,8.1,2494.8
569,7.7,4381.3
450,9.3,4185.0
636,8.9,5660.400000000001
299,7.4,2212.6
379,9.1,3448.9
569,9.2,5234.799999999999
461,9.1,4195.099999999999
242,8.1,1960.2
689,8.7,5994.299999999999
403,8.5,3425.5
766,9.2,7047.2
192,8.7,1670.4
460,9.2,4232.0
454,9.2,4176.799999999999
401,8.2,3288.2
338,8.4,2839.2000000000003
798,8.4,6703.200000000001
636,8.7,5533.2
637,8.5,5414.5
375,8.8,3300.0000000000005
330,8.1,2673.0
713,7.4,5276.2
593,7.7,4566.1
469,7.8,3658.2
714,8.2,5854.799999999999
622,9.2,5722.4
487,8.5,4139.5
793,8.8,6978.400000000001
452,8.2,3706.4
471,8.2,3862.2
636,9.2,5851.2
757,7.4,5601.8
611,9.1,5560.099999999999
482,7.9,3807.8
341,9.2,3137.2
265,7.4,1961.0
355,8.9,3159.5
268,7.9,2117.2000000000003
383,9.2,3523.6
670,8.1,5427.0
597,7.7,4596.900000000001
580,7.6,4408.0
385,8.9,3426.5
695,8.2,5698.999999999999
185,8.5,1572.5
328,8.4,2755.2000000000003
395,8.7,3436.4999999999995
545,8.4,4578.0
457,8.1,3701.7
267,7.4,1975.8
598,7.4,4425.2
378,8.8,3326.4
397,9.3,3692.1
618,8.8,5438.400000000001
716,7.7,5513.2
436,7.6,3313.6
782,7.9,6177.8
282,7.9,2227.8
249,7.6,1892.4
434,7.6,3298.4
633,7.7,4874.1
343,8.5,2915.5
342,8.1,2770.2
518,8.1,4195.8
584,7.9,4613.6
362,8.1,2932.2
619,8.1,5013.9
503,7.6,3822.8
372,7.7,2864.4
301,8.1,2438.1
626,7.7,4820.2
369,7.4,2730.6
714,8.4,5997.6
780,8.9,6942.0
462,7.7,3557.4
513,8.3,4257.900000000001
719,7.7,5536.3
669,8.3,5552.700000000001
605,7.6,4598.0
399,9.1,3630.9
633,9.3,5886.900000000001
324,9.2,2980.8
647,8.8,5693.6
300,7.4,2220.0
358,9.3,3329.4
254,8.9,2260.6
527,9.2,4848.4
392,8.4,3292.8
785,9.3,7300.500000000001
581,8.1,4706.099999999999
261,8.1,2114.1
696,8.9,6194.400000000001
487,7.6,3701.2
604,7.4,4469.6
554,7.4,4099.6
381,9.2,3505.2
238,8.3,1975.4
742,9.2,6826.4
353,8.9,3141.7000000000003
523,8.2,4288.599999999999
499,7.8,3892.2
358,7.9,2828.2000000000003
401,9.2,3689.2
417,9.3,3878.1
333,7.7,2564.1
506,7.9,3997.4
375,9.2,3449.9999999999995
396,8.1,3207.6
446,7.9,3523.4
773,7.8,6029.4
346,9.3,3217.8
433,8.1,3507.3
578,7.7,4450.6
632,8.7,5498.4
472,7.9,3728.8
637,7.7,4904.900000000001
568,8.5,4828.0
648,8.8,5702.400000000001
429,9.1,3903.9
641,9.3,5961.3
446,8.7,3880.2
312,8.7,2714.4
411,8.2,3370.2
739,8.7,6429.299999999999
371,7.6,2819.6
454,8.1,3677.4
328,9.2,3017.6
592,7.4,4380.8
694,7.8,5413.2
629,8.8,5535.200000000001
820,9.1,7462.0
636,8.5,5406.0
359,8.1,2907.9
394,8.5,3349.0
493,7.4,3648.2
504,8.8,4435.200000000001
552,7.6,4195.2
639,7.4,4728.6
337,8.9,2999.3
673,7.8,5249.4
397,7.8,3096.6
676,7.9,5340.400000000001
726,7.4,5372.400000000001
427,8.5,3629.5
496,8.9,4414.400000000001
311,8.2,2550.2
425,7.9,3357.5
572,8.9,5090.8
465,9.1,4231.5
635,8.2,5207.0
561,8.3,4656.3
387,8.8,3405.6000000000004
722,8.5,6137.0
700,7.6,5320.0
504,9.3,4687.200000000001
291,8.1,2357.1
355,9.3,3301.5000000000005
667,8.5,5669.5
697,8.1,5645.7
550,8.7,4785.0
380,7.4,2812.0
684,8.7,5950.799999999999
760,8.7,6611.999999999999
667,8.4,5602.8
459,8.8,4039.2
564,9.2,5188.799999999999
843,8.3,6996.900000000001
578,8.2,4739.599999999999
624,8.2,5116.799999999999
491,8.8,4320.8
421,7.6,3199.6
657,9.3,6110.1
431,8.2,3534.2
177,8.3,1469.1
643,8.7,5594.099999999999
502,7.9,3965.8
623,9.1,5669.3
555,8.3,4606.5
436,9.1,3967.6
390,7.8,3042.0
747,8.8,6573.6
462,9.2,4250.4
423,7.4,3130.2000000000003
348,9.3,3236.4
606,8.1,4908.599999999999
828,8.2,6789.599999999999
756,8.7,6577.2
740,9.3,6882.000000000001
286,8.2,2345.2
702,7.9,5545.8
301,8.3,2498.3
779,8.4,6543.6
665,7.9,5253.5
669,8.5,5686.5
246,7.4,1820.4
497,7.6,3777.2
452,7.9,3570.8
717,7.8,5592.599999999999
383,8.9,3408.7000000000003
501,8.3,4158.3
381,7.4,2819.4
433,8.7,3767.1
346,8.5,2941.0
856,9.2,7875.2
662,7.7,5097.400000000001
620,7.7,4774.0
400,7.6,3040.0
594,8.3,4930.200000000001
545,7.9,4305.5
602,7.7,4635.400000000001
613,8.4,5149.2
512,9.2,4710.4
229,9.1,2083.9
559,7.6,4248.4
245,8.1,1984.5
379,7.7,2918.3
351,8.1,2843.1
791,8.7,6881.7
531,7.8,4141.8
663,9.2,6099.599999999999
320,9.3,2976.0
576,9.2,5299.2
624,8.7,5428.799999999999
519,7.9,4100.1
580,8.3,4814.0
368,7.7,2833.6
624,9.2,5740.799999999999
409,7.7,3149.3
485,7.7,3734.5
353,8.2,2894.6
317,8.7,2757.9
408,9.2,3753.6
454,8.5,3859.0
439,8.7,3819.3
447,8.5,3799.5
576,7.9,4550.400000000001
316,9.3,2938.8
541,8.7,4706.7
752,8.5,6392.0
585,8.5,4972.5
421,8.7,3662.7
710,8.7,6176.999999999999
520,8.5,4420.0
420,7.8,3276.0
628,8.8,5526.400000000001
251,8.8,2208.8
695,8.9,6185.5
666,9.2,6127.2
601,8.7,5228.7
699,8.7,6081.299999999999
443,7.8,3455.4
746,7.6,5669.599999999999
295,7.6,2242.0
441,7.8,3439.8
658,9.2,6053.599999999999
499,8.4,4191.6
509,7.9,4021.1
567,7.9,4479.3
750,8.4,6300.0
361,8.2,2960.2
617,8.5,5244.5
613,8.2,5026.599999999999
473,7.9,3736.7
318,8.8,2798.4
356,8.8,3132.8
526,8.7,4576.2
535,8.8,4708.0
187,9.2,1720.4
315,8.3,2614.5
382,8.9,3399.8
469,7.6,3564.4
681,8.8,5992.8
503,8.5,4275.5
693,8.2,5682.599999999999
678,8.5,5763.0
668,9.3,6212.400000000001
701,8.7,6098.7
721,9.3,6705.3
376,7.4,2782.4
460,8.4,3864.0
670,8.3,5561.000000000001
609,8.1,4932.9
710,8.9,6319.0
488,8.7,4245.599999999999
645,8.5,5482.5
689,7.4,5098.6
285,7.6,2166.0
474,9.2,4360.799999999999
303,9.1,2757.3
637,9.1,5796.7
549,8.1,4446.9
323,9.3,3003.9
720,8.5,6120.0
379,8.3,3145.7000000000003
653,8.2,5354.599999999999
765,7.4,5661.0
365,8.9,3248.5
599,7.8,4672.2
657,7.6,4993.2
537,8.5,4564.5
603,8.4,5065.2
530,7.7,4081.0
507,8.2,4157.4
614,9.3,5710.200000000001
466,8.1,3774.6
353,9.3,3282.9
391,9.2,3597.2
449,9.3,4175.700000000001
355,8.5,3017.5
308,7.9,2433.2000000000003
335,8.2,2746.9999999999995
799,7.9,6312.1
420,8.2,3443.9999999999995
634,8.9,5642.6
224,8.2,1836.8
579,8.3,4805.700000000001
558,7.6,4240.8
696,7.9,5498.400000000001
358,8.1,2899.8
532,7.9,4202.8
554,8.2,4542.799999999999
694,7.6,5274.4
281,7.8,2191.8
359,9.2,3302.8
410,8.9,3649.0
436,8.8,3836.8
510,7.9,4029.0
501,8.1,4058.1
545,8.8,4796.0
400,7.7,3080.0
371,8.9,3301.9
680,7.4,5032.0
516,8.3,4282.8
779,9.3,7244.700000000001
701,8.8,6168.8
323,8.1,2616.3
640,8.8,5632.0
775,7.7,5967.5
373,8.7,3245.1
493,8.3,4091.900000000001
518,8.7,4506.599999999999
677,8.2,5551.4
438,7.8,3416.4
715,9.1,6506.5
322,8.1,2608.2
435,7.4,3219.0
572,7.6,4347.2
605,8.8,5324.0
620,7.6,4712.0
556,8.3,4614.8
706,8.3,5859.8
237,8.2,1943.4
886,7.9,6999.400000000001
534,7.9,4218.6
390,9.2,3587.9999999999995
612,8.8,5385.6
468,9.1,4258.8
340,8.8,2992.0000000000005
620,7.8,4836.0
304,8.5,2584.0
613,7.4,4536.2
695,8.8,6116.000000000001
303,8.9,2696.7000000000003
520,9.1,4732.0
435,7.7,3349.5
667,7.4,4935.8
748,7.6,5684.8
342,7.6,2599.2
491,8.4,4124.400000000001
649,8.8,5711.200000000001
561,7.6,4263.599999999999
161,8.2,1320.1999999999998
660,8.4,5544.0
485,8.4,4074.0
827,8.5,7029.5
449,7.6,3412.4
700,8.8,6160.000000000001
603,8.5,5125.5
638,8.3,5295.400000000001
581,7.9,4589.900000000001
385,8.1,3118.5
698,8.2,5723.599999999999
467,8.8,4109.6
615,8.2,5043.0
568,7.7,4373.6
437,8.1,3539.7
748,9.3,6956.400000000001
599,8.5,5091.5
392,7.6,2979.2
316,8.9,2812.4
367,7.4,2715.8
327,8.4,2746.8
635,9.1,5778.5
648,8.3,5378.400000000001
694,7.7,5343.8
670,7.9,5293.0
629,7.4,4654.6
231,7.6,1755.6
847,9.1,7707.7
606,7.4,4484.400000000001
755,9.3,7021.500000000001
546,7.7,4204.2
451,7.6,3427.6
290,8.8,2552.0
617,8.3,5121.1
574,7.4,4247.6
448,7.4,3315.2000000000003
687,7.4,5083.8
324,8.4,2721.6
193,9.1,1756.3
391,8.2,3206.2
783,7.4,5794.200000000001
751,8.7,6533.7
404,8.9,3595.6000000000004
644,9.2,5924.799999999999
483,7.6,3670.8
282,9.2,2594.4
399,8.9,3551.1000000000004
444,8.5,3774.0
583,7.8,4547.4
594,8.1,4811.4
429,8.4,3603.6
748,7.7,5759.6
271,8.1,2195.1
311,8.7,2705.7
419,7.4,3100.6000000000004
564,9.1,5132.4
307,8.9,2732.3
368,7.4,2723.2000000000003
343,8.3,2846.9
719,8.5,6111.5
542,8.3,4498.6
449,8.1,3636.9
331,8.7,2879.7
562,9.1,5114.2
199,9.2,1830.8
673,9.3,6258.900000000001
309,7.4,2286.6
498,9.3,4631.400000000001
635,9.3,5905.5
250,9.1,2275.0
567,9.2,5216.4
304,7.6,2310.4
541,8.9,4814.900000000001
621,8.1,5030.099999999999
506,7.7,3896.2
398,7.4,2945.2000000000003
523,8.3,4340.900000000001
246,8.4,2066.4
331,7.4,2449.4
354,8.3,2938.2000000000003
609,8.5,5176.5
740,8.1,5994.0
387,7.9,3057.3
494,8.4,4149.6
630,8.8,5544.0
703,8.2,5764.599999999999
270,8.7,2349.0
322,8.2,2640.4
522,8.9,4645.8
541,9.2,4977.2
767,8.8,6749.6
515,7.7,3965.5
178,7.8,1388.4
642,9.1,5842.2
669,7.9,5285.1
635,8.7,5524.5
523,7.7,4027.1
558,9.2,5133.599999999999
671,9.1,6106.099999999999
237,9.3,2204.1000000000004
463,9.3,4305.900000000001
626,8.1,5070.599999999999
614,8.9,5464.6
445,8.7,3871.5
674,7.8,5257.2
424,8.8,3731.2
583,8.5,4955.5
470,8.5,3995.0
570,7.6,4332.0
261,8.7,2270.7
440,8.9,3916.0
442,8.8,3889.6
653,9.1,5942.3
590,8.4,4956.0
470,7.9,3713.0
382,8.1,3094.2
281,9.3,2613.3
337,9.1,3066.7
763,8.4,6409.2
624,9.3,5803.200000000001
431,9.3,4008.3
527,9.1,4795.7
558,7.7,4296.6
378,9.3,3515.4
690,8.4,5796.0
704,8.1,5702.4
332,7.9,2622.8
236,8.3,1958.8
317,7.4,2345.8
266,8.4,2234.4
538,8.7,4680.599999999999
240,8.4,2016.0
235,8.4,1974.0
558,9.3,5189.400000000001
709,9.1,6451.9
755,7.7,5813.5
290,8.9,2581.0
696,8.8,6124.8
713,9.1,6488.3
314,7.6,2386.4
417,7.4,3085.8
581,8.8,5112.8
658,7.6,5000.8
739,7.6,5616.4
499,8.2,4091.8
665,8.3,5519.500000000001
656,8.7,5707.2
290,7.4,2146.0
273,8.5,2320.5
588,9.2,5409.599999999999
596,9.1,5423.599999999999
746,7.4,5520.400000000001
222,8.1,1798.1999999999998
665,8.7,5785.499999999999
242,8.4,2032.8
453,7.4,3352.2000000000003
498,7.7,3834.6
688,7.9,5435.2
375,8.1,3037.5
659,8.8,5799.200000000001
411,9.2,3781.2
538,8.3,4465.400000000001
511,7.7,3934.7
787,7.9,6217.3
763,8.8,6714.400000000001
505,8.9,4494.5
424,7.9,3349.6000000000004
479,9.2,4406.799999999999
643,8.8,5658.400000000001
409,8.1,3312.9
655,8.3,5436.500000000001
246,9.1,2238.6
588,7.6,4468.8
357,9.2,3284.4
316,8.4,2654.4
498,8.7,4332.599999999999
296,7.4,2190.4
492,8.9,4378.8
440,9.2,4048.0
671,7.7,5166.7
661,7.4,4891.400000000001
627,8.2,5141.4
354,7.9,2796.6
507,9.1,4613.7
211,9.3,1962.3
366,8.2,3001.2
374,7.6,2842.4
222,8.3,1842.6
295,7.7,2271.5
324,8.8,2851.2000000000003
616,9.3,5728.8
405,8.2,3320.9999999999995
389,8.2,3189.8
582,8.9,5179.8
707,9.3,6575.1
331,8.1,2681.1
453,8.4,3805.2
484,9.3,4501.200000000001
617,7.8,4812.599999999999
446,8.4,3746.4
731,8.9,6505.900000000001
525,9.1,4777.5
295,9.2,2714.0
659,9.1,5996.9
399,8.7,3471.3
403,7.9,3183.7000000000003
331,7.8,2581.8
592,7.6,4499.2
321,8.7,2792.7
704,9.1,6406.4
341,8.5,2898.5
342,7.4,2530.8
707,7.6,5373.2
634,8.3,5262.200000000001
391,7.8,3049.8
352,7.6,2675.2
597,8.5,5074.5
352,8.2,2886.4
782,9.3,7272.6
640,7.9,5056.0
306,7.7,2356.2000000000003
332,7.4,2456.8
890,8.1,7209.0
411,7.4,3041.4
245,7.7,1886.5
278,7.9,2196.2000000000003
289,9.3,2687.7000000000003
427,9.1,3885.7
258,7.8,2012.4
701,9.2,6449.2
320,8.1,2592.0
673,8.9,5989.7
249,7.7,1917.3
256,7.6,1945.6
464,8.1,3758.4
400,8.9,3560.0
397,7.9,3136.3
304,7.4,2249.6
559,7.8,4360.2
291,9.1,2648.1
277,8.5,2354.5
309,7.9,2441.1
759,8.3,6299.700000000001
581,7.6,4415.599999999999
868,7.6,6596.799999999999
402,8.3,3336.6000000000004
442,8.5,3757.0
269,7.8,2098.2
628,7.8,4898.4
362,8.7,3149.4
351,8.5,2983.5
469,9.1,4267.9
692,7.6,5259.2
241,7.9,1903.9
730,9.3,6789.000000000001
375,8.3,3112.5000000000005
245,9.1,2229.5
310,7.9,2449.0
415,7.4,3071.0
704,7.4,5209.6
675,8.7,5872.499999999999
628,8.9,5589.2
462,7.4,3418.8
423,9.2,3891.6
319,7.9,2520.1
679,8.4,5703.6
327,7.9,2583.3
342,8.5,2907.0
363,8.3,3012.9
455,8.5,3867.5
256,7.9,2022.4
745,7.8,5811.0
355,8.4,2982.0
285,8.7,2479.5
642,7.4,4750.8
248,7.8,1934.4
510,8.5,4335.0
398,8.2,3263.6
657,9.1,5978.7
578,9.2,5317.599999999999
310,8.5,2635.0
739,8.3,6133.700000000001
530,8.2,4346.0
460,9.1,4186.0
455,8.2,3731.0
185,8.4,1554.0
352,8.1,2851.2
538,7.4,3981.2
437,9.1,3976.7
700,9.2,6439.999999999999
539,7.4,3988.6
347,8.1,2810.7
429,8.2,3517.8
594,7.9,4692.6
563,7.4,4166.2
523,8.8,4602.400000000001
706,9.1,6424.599999999999
379,8.5,3221.5
453,9.3,4212.900000000001
755,8.3,6266.500000000001
416,8.5,3536.0
359,8.5,3051.5
622,8.5,5287.0
316,8.1,2559.6
278,8.3,2307.4
640,8.1,5184.0
295,8.8,2596.0
180,8.8,1584.0000000000002
729,9.3,6779.700000000001
647,9.1,5887.7
724,8.4,6081.6
455,9.1,4140.5
628,8.4,5275.2
715,7.4,5291.0
481,9.1,4377.099999999999
546,7.8,4258.8
558,9.1,5077.8
266,8.2,2181.2
607,8.4,5098.8
360,8.8,3168.0000000000005
425,8.7,3697.5
251,7.6,1907.6
350,9.2,3219.9999999999995
641,8.9,5704.900000000001
734,9.1,6679.4
394,8.3,3270.2000000000003
433,9.1,3940.3
473,9.1,4304.3
356,7.7,2741.2000000000003
503,8.9,4476.7
447,8.8,3933.6
777,7.6,5905.2
469,7.4,3470.6000000000004
637,9.3,5924.1
466,8.9,4147.400000000001
612,8.2,5018.4
650,8.3,5395.000000000001
413,8.9,3675.7
541,8.1,4382.099999999999
454,7.7,3495.8
422,7.9,3333.8
497,8.9,4423.3
686,8.2,5625.2
486,7.7,3742.2
627,9.3,5831.1
321,7.8,2503.8
373,8.9,3319.7000000000003
645,8.9,5740.5
858,9.1,7807.799999999999
594,7.8,4633.2
611,8.5,5193.5
795,7.8,6201.0
434,7.4,3211.6000000000004
564,7.4,4173.6
445,8.5,3782.5
535,9.3,4975.5
657,7.7,5058.900000000001
292,7.7,2248.4
714,9.2,6568.799999999999
709,8.1,5742.9
614,8.3,5096.200000000001
669,7.6,5084.4
446,8.8,3924.8
704,7.6,5350.4
509,8.5,4326.5
729,7.9,5759.1
196,7.4,1450.4
738,9.2,6789.599999999999
441,9.1,4013.1
427,8.1,3458.7
703,8.8,6186.400000000001
351,7.9,2772.9
699,8.4,5871.6
277,8.1,2243.7
530,8.9,4717.0
687,9.2,6320.4
766,8.9,6817.400000000001
776,9.3,7216.8
368,7.6,2796.8
339,8.1,2745.9
406,7.6,3085.6
266,9.2,2447.2
417,7.7,3210.9
505,8.5,4292.5
753,9.3,7002.900000000001
615,9.1,5596.5
401,7.9,3167.9
445,8.3,3693.500000000001
302,8.2,2476.4
602,8.3,4996.6
419,7.6,3184.4
451,8.1,3653.1
621,8.8,5464.8
305,8.1,2470.5
510,8.3,4233.0
669,7.4,4950.6
466,8.5,3961.0
344,7.9,2717.6
620,8.8,5456.0
553,8.8,4866.400000000001
830,7.9,6557.0
415,7.6,3154.0
258,8.7,2244.6
706,7.6,5365.599999999999
416,9.1,3785.6
651,7.7,5012.7
362,8.5,3077.0
593,8.7,5159.099999999999
402,7.4,2974.8
733,7.7,5644.1
594,9.3,5524.200000000001
620,7.9,4898.0
485,9.3,4510.5
612,8.1,4957.2
395,7.7,3041.5
452,9.3,4203.6
210,9.1,1911.0
484,8.7,4210.799999999999
719,8.4,6039.6
221,7.4,1635.4
695,9.1,6324.5
288,7.9,2275.2000000000003
643,7.6,4886.8
371,9.2,3413.2
371,8.1,3005.1
664,8.3,5511.200000000001
523,8.1,4236.3
532,7.8,4149.599999999999
733,8.1,5937.3
688,9.1,6260.8
683,8.1,5532.3
352,8.5,2992.0
547,8.3,4540.1
631,8.4,5300.400000000001
293,7.4,2168.2000000000003
641,8.1,5192.099999999999
662,8.4,5560.8
675,8.1,5467.5
458,7.6,3480.8
362,7.7,2787.4
365,7.4,2701.0
806,9.3,7495.8
620,9.3,5766.0
640,8.5,5440.0
536,8.9,4770.400000000001
328,7.6,2492.8
442,7.7,3403.4
663,7.7,5105.1
270,8.8,2376.0
509,8.3,4224.700000000001
924,8.8,8131.200000000001
467,8.3,3876.1
277,9.1,2520.7
371,9.1,3376.1
691,8.3,5735.3
450,9.2,4140.0
456,8.2,3739.2
823,8.4,6913.200000000001
430,8.3,3569.0000000000005
617,8.1,4997.7
721,9.2,6633.2
381,9.1,3467.1
640,9.3,5952.0
259,8.1,2097.9
703,9.2,6467.599999999999
570,8.5,4845.0
685,9.2,6301.999999999999
709,7.6,5388.4
551,8.8,4848.8
489,9.2,4498.799999999999
303,9.3,2817.9
699,7.7,5382.3
618,7.8,4820.4
854,8.1,6917.4
395,9.2,3634.0
590,7.4,4366.0
257,7.7,1978.9
383,7.9,3025.7000000000003
431,9.2,3965.2
515,8.7,4480.5
272,8.7,2366.4
731,8.8,6432.8
740,7.7,5698.0
731,8.3,6067.3
669,8.7,5820.299999999999
260,7.6,1976.0
763,8.1,6180.3
463,7.8,3611.4
527,7.8,4110.599999999999
391,8.5,3323.5
306,8.2,2509.2
388,7.8,3026.4
607,8.1,4916.7
619,8.5,5261.5
348,8.4,2923.2000000000003
561,8.2,4600.2
322,7.4,2382.8
748,8.2,6133.599999999999
350,7.9,2765.0
752,8.3,6241.6
714,9.1,6497.4
469,8.2,3845.8
408,9.3,3794.4
430,7.8,3354.0
670,8.9,5963.0
606,8.5,5151.0
353,7.8,2753.4
259,9.2,2382.8
338,8.5,2873.0
282,9.3,2622.6000000000004
616,8.3,5112.8
676,7.7,5205.2
726,8.1,5880.599999999999
321,8.3,2664.3
340,7.4,2516.0
401,9.1,3649.1
525,7.8,4095.0
743,8.7,6464.099999999999
704,8.8,6195.200000000001
605,8.1,4900.5
301,9.3,2799.3
280,8.1,2268.0
695,8.1,5629.5
325,8.4,2730.0
436,8.4,3662.4
382,9.2,3514.4
641,8.3,5320.3
839,8.7,7299.299999999999
281,8.2,2304.2
701,7.7,5397.7
380,9.1,3458.0
302,7.7,2325.4
649,7.6,4932.4
479,8.2,3927.8
283,8.1,2292.3
318,8.9,2830.2000000000003
349,8.3,2896.7000000000003
444,8.8,3907.2
824,7.8,6427.2
611,8.8,5376.8
633,7.6,4810.8
648,7.9,5119.2
656,7.9,5182.400000000001
449,7.8,3502.2
378,7.4,2797.2000000000003
716,7.6,5441.599999999999
302,7.6,2295.2
511,8.9,4547.900000000001
195,8.1,1579.5
453,8.8,3986.400000000001
299,8.5,2541.5
752,8.1,6091.2
843,7.8,6575.4
618,8.7,5376.599999999999
342,7.7,2633.4
359,9.3,3338.7000000000003
332,7.6,2523.2
879,8.7,7647.299999999999
804,8.8,7075.200000000001
329,9.1,2993.9
297,8.8,2613.6000000000004
298,8.7,2592.6
338,8.8,2974.4
261,9.2,2401.2
677,9.3,6296.1
335,8.8,2948.0000000000005
373,9.3,3468.9
391,7.4,2893.4
417,8.8,3669.6
651,7.6,4947.599999999999
335,7.7,2579.5
846,8.1,6852.599999999999
685,7.4,5069.0
654,7.7,5035.8
519,9.3,4826.700000000001
692,8.7,6020.4
416,8.1,3369.6
338,9.2,3109.6
455,7.7,3503.5
721,8.1,5840.099999999999
706,8.5,6001.0
588,8.1,4762.8
525,7.7,4042.5
730,7.7,5621.0
752,9.2,6918.4
542,8.9,4823.8
501,8.5,4258.5
512,7.9,4044.8
563,8.2,4616.599999999999
321,7.4,2375.4
395,8.5,3357.5
742,8.4,6232.8
676,7.6,5137.599999999999
759,8.9,6755.1
456,8.1,3693.6
697,8.3,5785.1
469,8.4,3939.6
797,8.9,7093.3
743,7.8,5795.4
786,7.6,5973.599999999999
543,8.2,4452.599999999999
371,8.7,3227.7
394,9.3,3664.2
647,8.7,5628.9
333,8.4,2797.2000000000003
744,9.2,6844.799999999999
424,7.6,3222.4
300,8.2,2460.0
357,7.9,2820.3
416,8.2,3411.2
374,7.7,2879.8
435,7.9,3436.5
355,8.8,3124.0000000000005
659,9.2,6062.799999999999
692,8.4,5812.8
785,8.4,6594.0
806,8.9,7173.400000000001
465,8.5,3952.5
470,8.1,3807.0
716,8.4,6014.400000000001
802,8.5,6817.0
410,7.7,3157.0
230,7.9,1817.0
618,9.3,5747.400000000001
738,8.8,6494.400000000001
802,8.9,7137.8
557,8.7,4845.9
474,8.7,4123.799999999999
525,7.9,4147.5
316,8.7,2749.2
686,7.8,5350.8
687,7.8,5358.599999999999
569,7.8,4438.2
440,8.1,3564.0
563,8.9,5010.7
668,8.9,5945.2
670,8.4,5628.0
709,8.3,5884.700000000001
589,9.1,5359.9
414,8.7,3601.8
686,9.1,6242.599999999999
482,8.7,4193.4
320,8.7,2784.0
339,9.3,3152.7000000000003
706,8.7,6142.2
802,8.3,6656.6
379,9.2,3486.8
259,8.9,2305.1
668,8.8,5878.400000000001
541,7.9,4273.900000000001
269,7.6,2044.4
510,7.4,3774.0
810,8.5,6885.0
373,8.4,3133.2000000000003
598,8.1,4843.8
633,9.2,5823.599999999999
284,8.9,2527.6
761,8.3,6316.3
696,8.2,5707.2
363,9.2,3339.6
600,8.1,4860.0
239,8.3,1983.7000000000005
713,8.5,6060.5
700,7.7,5390.0
595,8.2,4879.0
691,9.3,6426.3
687,8.7,5976.9
254,8.2,2082.8
364,9.2,3348.8
722,7.4,5342.8
628,8.5,5338.0
483,8.4,4057.2
688,8.1,5572.8
447,7.9,3531.3
527,8.9,4690.3
676,8.1,5475.599999999999
743,9.1,6761.3
343,7.8,2675.4
477,7.9,3768.3
318,9.3,2957.4
415,9.3,3859.500000000001
500,7.9,3950.0
639,9.2,5878.799999999999
394,8.1,3191.4
294,9.3,2734.2000000000003
407,7.9,3215.3
434,7.7,3341.8
308,8.2,2525.6
806,7.6,6125.599999999999
400,8.2,3279.9999999999995
467,9.1,4249.7
572,8.3,4747.6
323,7.4,2390.2000000000003
246,7.6,1869.6
497,8.1,4025.7
428,8.2,3509.6
446,7.6,3389.6
251,8.3,2083.3
304,8.9,2705.6
656,8.4,5510.400000000001
340,8.9,3026.0
344,9.1,3130.4
418,8.1,3385.8
305,7.6,2318.0
436,8.1,3531.6
813,8.3,6747.900000000001
330,8.3,2739.0000000000005
265,8.8,2332.0
669,8.2,5485.799999999999
818,8.9,7280.200000000001
458,7.4,3389.2000000000003
759,9.2,6982.799999999999
582,7.8,4539.599999999999
363,9.1,3303.3
475,8.7,4132.5
449,8.5,3816.5
345,8.5,2932.5
337,8.4,2830.8
622,9.3,5784.6
263,8.1,2130.3
420,8.7,3654.0
740,8.3,6142.000000000001
245,8.3,2033.5
351,9.3,3264.3
533,9.2,4903.599999999999
683,9.2,6283.599999999999
856,9.3,7960.8
579,8.2,4747.799999999999
725,8.4,6090.0
705,8.7,6133.499999999999
396,8.5,3366.0
313,8.9,2785.7000000000003
591,7.7,4550.7
309,7.6,2348.4
765,8.3,6349.500000000001
511,7.9,4036.9
334,7.9,2638.6
366,9.1,3330.6
391,8.7,3401.7
562,8.7,4889.4
320,8.2,2624.0
278,8.8,2446.4
131,7.9,1034.9
432,8.3,3585.6000000000004
653,9.2,6007.599999999999
303,7.7,2333.1
681,7.7,5243.7
637,8.2,5223.4
703,8.9,6256.7
499,8.9,4441.1
617,8.2,5059.4
750,9.3,6975.000000000001
585,7.8,4563.0
326,8.2,2673.2
532,9.2,4894.4
720,8.4,6048.0
759,7.4,5616.6
604,8.1,4892.4
232,8.1,1879.2
563,8.5,4785.5
734,8.7,6385.799999999999
699,8.9,6221.1
345,8.8,3036.0000000000005
334,8.5,2839.0
751,9.3,6984.3
639,7.9,5048.1
640,7.6,4864.0
492,9.2,4526.4
477,8.3,3959.1
614,7.4,4543.6
794,8.5,6749.0
391,8.9,3479.9
441,8.8,3880.8
340,7.9,2686.0
720,8.8,6336.000000000001
688,8.4,5779.2
312,8.9,2776.8
342,8.9,3043.8
382,7.4,2826.8
832,8.3,6905.6
403,8.8,3546.4
669,9.3,6221.700000000001
336,8.1,2721.6
694,8.9,6176.6
411,8.8,3616.8
728,8.2,5969.599999999999
283,8.7,2462.1
660,7.4,4884.0
382,9.3,3552.6000000000004
320,8.3,2656.0
371,9.3,3450.3
403,9.1,3667.3
458,7.7,3526.6
476,7.9,3760.4
792,8.2,6494.4
682,8.4,5728.8
314,7.9,2480.6
545,8.2,4469.0
731,7.4,5409.400000000001
593,9.3,5514.900000000001
673,9.2,6191.599999999999
383,9.3,3561.9
476,8.4,3998.4
297,8.9,2643.3
363,9.3,3375.9
770,8.7,6698.999999999999
571,9.3,5310.3
245,8.8,2156.0
682,7.9,5387.8
444,8.7,3862.8
360,9.1,3276.0
630,8.1,5103.0
274,8.5,2329.0
554,8.4,4653.6
352,8.4,2956.8
312,8.3,2589.6000000000004
763,9.3,7095.900000000001
567,8.3,4706.1
441,8.1,3572.1
767,8.7,6672.9
581,7.4,4299.400000000001
275,9.3,2557.5
347,9.1,3157.7
304,8.7,2644.8
380,7.6,2888.0
616,7.6,4681.599999999999
280,7.9,2212.0
624,7.8,4867.2
419,8.9,3729.1
258,8.9,2296.2000000000003
460,8.7,4002.0
612,7.6,4651.2
294,7.8,2293.2
657,8.2,5387.4
758,7.8,5912.4
523,8.7,4550.099999999999
238,9.3,2213.4
526,8.8,4628.8
277,8.9,2465.3
303,9.2,2787.6
627,8.7,5454.9
403,9.2,3707.6
502,8.5,4267.0
416,7.8,3244.8
692,8.8,6089.6
521,8.7,4532.7
319,8.9,2839.1
376,8.5,3196.0
533,7.4,3944.2
577,8.8,5077.6
422,8.7,3671.4
593,7.8,4625.4
760,7.7,5852.0
689,8.9,6132.1
665,7.8,5187.0
510,7.6,3876.0
698,8.7,6072.599999999999
342,8.4,2872.8
245,7.4,1813.0
361,8.4,3032.4
731,9.2,6725.2
427,9.3,3971.1
694,8.5,5899.0
586,8.5,4981.0
754,8.3,6258.200000000001
546,7.6,4149.599999999999
313,8.1,2535.3
572,7.4,4232.8
694,8.8,6107.200000000001
696,9.3,6472.8
659,8.1,5337.9
318,7.7,2448.6
706,8.9,6283.400000000001
370,8.9,3293.0
496,7.7,3819.2
639,8.7,5559.299999999999
276,8.1,2235.6
677,7.8,5280.599999999999
312,9.2,2870.4
728,9.1,6624.8
408,8.8,3590.4
540,9.2,4968.0
660,9.3,6138.000000000001
567,9.1,5159.7
312,9.3,2901.6000000000004
521,9.1,4741.099999999999
289,8.5,2456.5
661,8.2,5420.2
330,8.5,2805.0
313,8.7,2723.1
294,7.4,2175.6
389,7.9,3073.1000000000004
280,8.7,2436.0
771,8.3,6399.3
531,7.9,4194.900000000001
600,8.2,4920.0
603,8.2,4944.599999999999
588,7.4,4351.2
168,9.1,1528.8
214,7.8,1669.2
551,7.9,4352.900000000001
671,8.5,5703.5
782,8.4,6568.8
660,8.2,5411.999999999999
335,8.4,2814.0
696,7.7,5359.2
312,7.8,2433.6
460,8.2,3772.0
590,8.9,5251.0
392,9.3,3645.6
421,7.9,3325.9
423,8.9,3764.7
648,7.7,4989.6
549,7.9,4337.1
275,8.3,2282.5
699,8.8,6151.200000000001
611,8.3,5071.3
641,8.7,5576.7
330,7.8,2574.0
269,9.3,2501.7000000000003
720,9.2,6623.999999999999
835,8.1,6763.5
443,9.1,4031.3
544,8.4,4569.6
348,8.5,2958.0
602,7.9,4755.8
285,8.3,2365.5
725,7.8,5655.0
687,8.4,5770.8
462,8.1,3742.2
196,7.6,1489.6
499,7.7,3842.3
780,7.9,6162.0
176,8.9,1566.4
635,8.9,5651.5
793,8.1,6423.299999999999
384,8.7,3340.8
194,7.7,1493.8
318,8.5,2703.0
652,8.5,5542.0
269,8.8,2367.2000000000003
170,8.7,1478.9999999999998
382,8.5,3247.0
647,8.4,5434.8
303,8.4,2545.2000000000003
422,7.8,3291.6
697,8.8,6133.6
792,8.4,6652.8
537,8.3,4457.1
712,7.7,5482.400000000001
681,7.9,5379.900000000001
160,8.7,1392.0
712,8.2,5838.4
223,8.1,1806.3
391,8.1,3167.1
805,7.6,6118.0
472,8.9,4200.8
654,8.1,5297.4
721,9.1,6561.099999999999
288,7.6,2188.8
288,8.1,2332.8
595,9.1,5414.5
584,7.7,4496.8
330,8.9,2937.0
221,8.9,1966.9
306,7.6,2325.6
706,8.4,5930.400000000001
613,7.9,4842.7
342,8.3,2838.6000000000004
305,8.3,2531.5
629,7.6,4780.4
340,9.3,3162.0000000000005
728,9.3,6770.400000000001
731,8.4,6140.400000000001
839,8.5,7131.5
233,8.1,1887.3
561,8.8,4936.8
519,8.8,4567.200000000001
766,7.9,6051.400000000001
386,9.2,3551.2
328,8.1,2656.8
567,9.3,5273.1
271,8.7,2357.7
576,8.2,4723.2
730,8.8,6424.000000000001
423,8.4,3553.2000000000003
201,7.4,1487.4
483,9.3,4491.900000000001
705,7.8,5499.0
299,8.4,2511.6
713,7.8,5561.4
752,7.8,5865.599999999999
676,8.5,5746.0
794,7.6,6034.4
707,7.8,5514.599999999999
250,7.9,1975.0
409,7.4,3026.6000000000004
526,9.3,4891.8
540,8.8,4752.0
734,8.9,6532.6
268,8.8,2358.4
236,7.7,1817.2
277,8.3,2299.1000000000004
282,8.4,2368.8
621,7.7,4781.7
324,9.3,3013.2000000000003
636,8.8,5596.8
197,8.4,1654.8000000000002
284,9.3,2641.2000000000003
526,8.5,4471.0
567,7.6,4309.2
312,7.4,2308.8
364,7.7,2802.8
606,8.2,4969.2
665,8.5,5652.5
308,7.7,2371.6
723,7.6,5494.8
286,7.6,2173.6
656,8.2,5379.2
692,8.9,6158.8
519,8.9,4619.1
280,8.8,2464.0
263,9.1,2393.3
539,8.5,4581.5
426,7.4,3152.4
365,7.8,2847.0
343,7.9,2709.7000000000003
354,7.8,2761.2
337,7.9,2662.3
364,8.4,3057.6
500,8.5,4250.0
585,8.9,5206.5
620,8.5,5270.0
326,7.4,2412.4
688,8.7,5985.599999999999
633,7.9,5000.7
686,7.6,5213.599999999999
328,7.7,2525.6
376,9.2,3459.2
361,8.9,3212.9
560,7.6,4256.0
502,7.6,3815.2
562,9.2,5170.4
727,8.3,6034.1
493,8.1,3993.3
476,7.8,3712.8
439,8.9,3907.1
756,9.3,7030.8
831,8.3,6897.3
305,8.7,2653.5
270,9.2,2484.0
376,7.7,2895.2000000000003
431,8.7,3749.7
168,8.1,1360.8
439,8.4,3687.6
712,8.3,5909.6
825,9.2,7589.999999999999
358,7.6,2720.8
193,7.6,1466.8
237,7.4,1753.8000000000002
688,8.8,6054.400000000001
442,9.1,4022.2
273,9.1,2484.3
332,8.3,2755.6000000000004
704,7.8,5491.2
463,7.4,3426.2000000000003
375,8.7,3262.4999999999995
528,8.7,4593.599999999999
640,8.2,5248.0
598,7.9,4724.2
338,7.9,2670.2000000000003
691,7.9,5458.900000000001
731,7.8,5701.8
299,8.2,2451.8
571,8.5,4853.5
724,7.4,5357.6
278,7.4,2057.2000000000003
633,7.4,4684.2
268,9.1,2438.8
382,9.1,3476.2
278,8.9,2474.2000000000003
566,7.6,4301.599999999999
425,8.3,3527.5000000000005
409,8.2,3353.8
653,8.8,5746.400000000001
729,8.4,6123.6
626,8.9,5571.400000000001
550,9.1,5005.0
480,8.5,4080.0
500,8.3,4150.0
741,8.5,6298.5
732,8.1,5929.2
347,7.4,2567.8
366,9.2,3367.2
309,8.8,2719.2000000000003
328,7.9,2591.2000000000003
303,7.4,2242.2000000000003
567,8.7,4932.9
229,9.3,2129.7000000000003
280,8.4,2352.0
437,7.4,3233.8
238,8.2,1951.6
740,7.4,5476.0
370,9.2,3403.9999999999995
343,9.2,3155.6
878,9.1,7989.799999999999
488,8.3,4050.400000000001
519,8.7,4515.299999999999
812,8.1,6577.2
355,9.1,3230.5
279,9.2,2566.8
739,8.8,6503.200000000001
541,8.8,4760.8
428,9.3,3980.4
472,9.3,4389.6
682,8.2,5592.4
347,8.2,2845.4
225,8.8,1980.0
627,7.8,4890.599999999999
431,7.9,3404.9
359,8.9,3195.1
545,8.9,4850.5
778,8.1,6301.799999999999
827,7.8,6450.599999999999
247,8.4,2074.8
519,7.6,3944.4
873,8.9,7769.700000000001
632,8.2,5182.4
378,9.2,3477.6
861,7.7,6629.7
737,9.1,6706.7
270,7.4,1998.0
348,8.8,3062.4
830,9.1,7553.0
719,8.9,6399.1
253,8.5,2150.5
638,7.4,4721.2
359,8.7,3123.3
777,7.9,6138.3
310,8.3,2573.0
296,8.4,2486.4
294,7.7,2263.8
607,7.9,4795.3
782,8.9,6959.8
667,8.8,5869.6
374,8.3,3104.2000000000003
528,7.8,4118.4
439,7.7,3380.3
767,9.1,6979.7
732,7.8,5709.599999999999
346,8.1,2802.6
339,7.4,2508.6
784,8.2,6428.799999999999
545,9.2,5014.0
709,8.2,5813.799999999999
346,8.7,3010.2
311,9.2,2861.2
310,8.8,2728.0
247,7.9,1951.3
717,8.4,6022.8
369,7.8,2878.2
455,7.8,3549.0
467,8.4,3922.8
251,8.4,2108.4
600,9.1,5460.0
628,8.3,5212.400000000001
702,8.8,6177.6
583,8.3,4838.900000000001
723,8.8,6362.400000000001
261,8.8,2296.8
681,7.6,5175.599999999999
351,8.9,3123.9
273,8.2,2238.6
693,8.8,6098.400000000001
222,7.7,1709.4
787,7.8,6138.599999999999
625,8.9,5562.5
735,9.3,6835.500000000001
766,8.7,6664.2
208,8.3,1726.4
723,8.7,6290.099999999999
369,8.9,3284.1
503,7.7,3873.1
781,8.4,6560.400000000001
624,7.9,4929.6
634,8.2,5198.799999999999
229,7.8,1786.2
763,9.2,7019.599999999999
700,8.7,6089.999999999999
661,9.3,6147.3
736,8.1,5961.599999999999
163,7.8,1271.4
406,8.1,3288.6
513,7.4,3796.2
180,7.6,1368.0
716,7.8,5584.8
908,7.4,6719.200000000001
328,8.8,2886.4
262,8.2,2148.4
382,7.9,3017.8
751,8.3,6233.3
499,8.5,4241.5
556,8.9,4948.400000000001
686,7.7,5282.2
374,8.4,3141.6
747,8.5,6349.5
275,9.2,2530.0
799,8.9,7111.1
737,8.5,6264.5
760,8.2,6231.999999999999
344,8.8,3027.2000000000003
573,8.8,5042.400000000001
673,8.3,5585.900000000001
686,8.3,5693.8
419,7.7,3226.3
640,7.4,4736.0
564,8.5,4794.0
717,8.3,5951.1
720,7.4,5328.0
675,7.8,5265.0
793,7.6,6026.799999999999
486,7.4,3596.4
754,7.4,5579.6
235,8.7,2044.5
680,7.9,5372.0
710,7.8,5538.0
753,9.1,6852.3
853,8.9,7591.700000000001
702,9.1,6388.2
738,9.3,6863.400000000001
593,7.4,4388.2
402,8.1,3256.2
746,9.3,6937.8
811,9.3,7542.3
329,8.7,2862.3
638,8.5,5423.0
747,8.1,6050.7
446,7.4,3300.4
551,8.2,4518.2
739,8.1,5985.9
660,7.9,5214.0
250,8.8,2200.0
457,8.5,3884.5
436,8.2,3575.2
346,7.7,2664.2000000000003
702,9.2,6458.4
625,7.7,4812.5
225,9.2,2070.0
200,8.7,1739.9999999999998
595,9.3,5533.5
621,7.4,4595.400000000001
235,8.1,1903.5
621,8.7,5402.7
680,9.1,6188.0
317,8.9,2821.3
700,8.4,5880.0
613,8.1,4965.3
681,9.1,6197.099999999999
642,8.3,5328.6
647,9.2,5952.4
383,7.7,2949.1
883,7.6,6710.799999999999
679,7.9,5364.1
727,7.4,5379.8
722,8.7,6281.4
447,7.4,3307.8
362,8.3,3004.6000000000004
340,7.8,2652.0
727,9.3,6761.1
304,8.4,2553.6
721,8.2,5912.2
329,8.2,2697.8
717,7.9,5664.3
226,7.4,1672.4
748,9.1,6806.8
606,9.3,5635.8
260,8.4,2184.0
844,8.3,7005.200000000001
696,8.3,5776.8
698,8.9,6212.2
701,7.6,5327.599999999999
645,7.9,5095.5
369,8.5,3136.5
645,8.2,5288.999999999999
231,8.9,2055.9
738,8.3,6125.400000000001
762,8.4,6400.8
703,8.5,5975.5
740,7.9,5846.0
539,8.7,4689.299999999999
749,8.5,6366.5
310,8.7,2697.0
583,8.4,4897.2
795,8.7,6916.499999999999
205,8.3,1701.5000000000002
667,7.9,5269.3
395,8.2,3238.9999999999995
700,8.2,5739.999999999999
630,8.9,5607.0
862,8.8,7585.6
712,9.3,6621.6
686,8.5,5831.0
480,7.6,3648.0
499,7.9,3942.1
262,7.7,2017.4
363,8.4,3049.2000000000003
605,8.5,5142.5
679,8.2,5567.799999999999
755,8.8,6644.000000000001
784,9.3,7291.200000000001
287,8.7,2496.9
329,7.7,2533.3
708,8.8,6230.400000000001
369,8.1,2988.9
384,7.8,2995.2
492,8.7,4280.4
300,9.1,2730.0
701,8.9,6238.900000000001
448,9.2,4121.599999999999
301,7.6,2287.6
404,7.8,3151.2
701,9.1,6379.099999999999
768,9.2,7065.599999999999
248,9.1,2256.8
629,8.3,5220.700000000001
329,8.9,2928.1
534,7.4,3951.6
583,7.9,4605.7
808,8.7,7029.599999999999
403,8.1,3264.3
557,7.4,4121.8
874,8.4,7341.6
579,9.2,5326.799999999999
495,8.2,4059.0
194,7.9,1532.6
695,8.3,5768.500000000001
215,8.5,1827.5
652,7.4,4824.8
431,8.4,3620.4
690,7.6,5244.0
357,8.5,3034.5
556,9.3,5170.8
655,7.8,5109.0
359,7.6,2728.4
787,8.5,6689.5
505,7.4,3737.0
837,8.1,6779.7
296,8.2,2427.2
284,7.9,2243.6
608,8.3,5046.400000000001
561,7.4,4151.400000000001
707,9.1,6433.7
531,8.7,4619.7
640,7.7,4928.0
531,8.1,4301.099999999999
288,8.3,2390.4
666,7.8,5194.8
447,9.3,4157.1
561,7.8,4375.8
772,7.7,5944.400000000001
332,8.4,2788.8
192,8.5,1632.0
747,7.8,5826.599999999999
704,9.3,6547.200000000001
603,7.8,4703.4
657,9.2,6044.4
716,9.3,6658.8
701,7.8,5467.8
262,7.8,2043.6
678,7.9,5356.2
264,8.8,2323.2000000000003
655,8.8,5764.000000000001
348,8.2,2853.6
725,8.1,5872.5
452,7.7,3480.4
308,8.9,2741.2000000000003
419,9.2,3854.8
624,8.5,5304.0
456,7.7,3511.2000000000003
275,7.9,2172.5
683,8.5,5805.5
343,7.4,2538.2000000000003
268,9.3,2492.4
726,9.1,6606.599999999999
299,9.1,2720.9
606,8.4,5090.400000000001
526,7.8,4102.8
609,7.6,4628.4
875,8.5,7437.5
604,9.2,5556.799999999999
315,9.1,2866.5
539,8.2,4419.799999999999
354,7.6,2690.4
760,7.9,6004.0
277,7.8,2160.6
317,7.8,2472.6
257,8.9,2287.3
577,7.6,4385.2
402,8.9,3577.8
387,7.4,2863.8
683,9.3,6351.900000000001
702,8.1,5686.2
772,7.6,5867.2
339,8.7,2949.3
652,9.1,5933.2
654,8.2,5362.799999999999
652,8.3,5411.6
115,9.3,1069.5
627,7.9,4953.3
592,9.1,5387.2
846,8.2,6937.2
567,8.4,4762.8
661,9.2,6081.2
324,8.2,2656.8
625,9.1,5687.5
708,8.1,5734.8
787,8.9,7004.3
323,7.6,2454.8
722,7.6,5487.2
342,8.7,2975.4
250,8.1,2025.0
306,8.5,2601.0
739,9.3,6872.700000000001
730,8.4,6132.0
315,8.2,2583.0
389,8.5,3306.5
797,7.8,6216.599999999999
249,9.1,2265.9
678,9.1,6169.8
324,8.7,2818.8
271,8.5,2303.5
664,8.2,5444.799999999999
320,8.5,2720.0
286,8.1,2316.6
643,8.1,5208.3
361,9.2,3321.2
713,8.1,5775.3
728,7.9,5751.2
634,8.5,5389.0
710,9.3,6603.000000000001
618,8.5,5253.0
408,8.2,3345.6
380,7.9,3002.0
746,8.3,6191.8
387,8.5,3289.5
319,9.2,2934.8
294,8.7,2557.8
330,9.3,3069.0000000000005
228,8.7,1983.6
777,9.2,7148.4
390,7.6,2964.0
306,8.9,2723.4
730,7.4,5402.0
271,8.4,2276.4
278,9.3,2585.4
343,8.4,2881.2000000000003
822,7.8,6411.599999999999
806,8.4,6770.400000000001
787,8.2,6453.4
608,7.4,4499.2
656,8.1,5313.599999999999
322,8.7,2801.4
558,8.7,4854.599999999999
423,9.3,3933.9
316,8.5,2686.0
742,9.3,6900.6
711,9.3,6612.3
409,7.8,3190.2
767,8.2,6289.4
433,7.9,3420.7000000000003
738,7.6,5608.8
711,8.1,5759.099999999999
658,8.9,5856.2
706,9.3,6565.8
348,8.3,2888.4
735,7.9,5806.5
777,8.3,6449.1
579,7.6,4400.4
215,8.8,1892.0
544,7.4,4025.6
718,7.9,5672.2
358,7.8,2792.4
682,8.3,5660.6
367,9.3,3413.1000000000004
377,8.3,3129.1000000000004
190,7.9,1501.0
505,7.9,3989.5
348,9.1,3166.8
627,7.6,4765.2
478,8.1,3871.8
676,9.1,6151.599999999999
354,9.2,3256.8
374,8.7,3253.8
315,7.9,2488.5
285,8.4,2394.0
739,7.8,5764.2
538,8.4,4519.2
630,7.4,4662.0
559,7.4,4136.6
542,8.1,4390.2
599,7.6,4552.4
621,8.5,5278.5
615,9.3,5719.5
777,8.7,6759.9
687,8.3,5702.1
446,7.7,3434.2000000000003
576,8.5,4896.0
605,8.3,5021.5
267,7.7,2055.9
253,8.7,2201.1
339,8.9,3017.1
892,8.3,7403.6
193,8.8,1698.4
704,8.4,5913.6
584,9.2,5372.799999999999
745,8.1,6034.5
277,7.7,2132.9
742,8.7,6455.4
341,7.8,2659.8
743,8.5,6315.5
790,7.8,6162.0
665,8.9,5918.5
506,8.1,4098.599999999999
257,8.8,2261.6000000000004
405,7.8,3159.0
211,7.6,1603.6
350,8.4,2940.0
722,8.9,6425.8
381,7.7,2933.7000000000003
631,9.1,5742.099999999999
446,8.5,3791.0
604,9.1,5496.4
339,9.1,3084.9
558,7.4,4129.2
728,7.7,5605.6
283,7.9,2235.7000000000003
620,8.4,5208.0
282,8.1,2284.2
404,7.4,2989.6000000000004
677,9.2,6228.4
365,7.6,2774.0
784,8.4,6585.6
768,7.8,5990.4
435,9.1,3958.5
394,9.1,3585.4
744,8.7,6472.799999999999
738,7.4,5461.2
270,9.3,2511.0
414,8.3,3436.2000000000003
415,9.1,3776.5
351,9.2,3229.2
380,9.2,3495.9999999999995
460,7.6,3496.0
570,7.8,4446.0
899,8.1,7281.9
364,9.1,3312.4
769,9.2,7074.799999999999
341,8.7,2966.7
349,8.4,2931.6
812,8.5,6902.0
864,7.4,6393.6
302,8.4,2536.8
333,8.1,2697.3
623,8.5,5295.5
666,9.3,6193.8
831,8.4,6980.400000000001
642,7.6,4879.2
182,9.1,1656.2
417,8.7,3627.9
644,8.8,5667.200000000001
276,8.7,2401.2
302,7.4,2234.8
401,7.7,3087.7000000000003
397,8.3,3295.1000000000004
332,9.2,3054.4
618,8.2,5067.599999999999
292,8.8,2569.6000000000004
300,8.3,2490.0
602,8.9,5357.8
342,7.9,2701.8
448,7.6,3404.8
662,7.8,5163.599999999999
508,8.8,4470.400000000001
322,7.9,2543.8
754,8.7,6559.799999999999
295,8.1,2389.5
742,8.5,6307.0
725,8.3,6017.500000000001
307,7.8,2394.6
344,8.9,3061.6
685,7.6,5206.0
622,8.8,5473.6
782,7.8,6099.599999999999
237,8.9,2109.3
601,7.7,4627.7
400,8.1,3240.0
711,8.7,6185.7
547,7.9,4321.3
654,9.3,6082.200000000001
418,7.6,3176.8
257,8.4,2158.8
325,9.1,2957.5
611,8.1,4949.099999999999
750,8.3,6225.000000000001
356,8.9,3168.4
698,8.4,5863.2
477,8.4,4006.8
709,9.3,6593.700000000001
793,9.2,7295.599999999999
253,9.3,2352.9
726,8.5,6171.0
288,9.2,2649.6
580,9.1,5278.0
621,9.3,5775.3
777,8.8,6837.6
276,7.4,2042.4
338,7.4,2501.2000000000003
771,7.4,5705.400000000001
671,9.2,6173.2
603,7.7,4643.1
343,7.6,2606.8
410,9.2,3772.0
278,9.1,2529.8
359,7.8,2800.2
526,9.1,4786.599999999999
462,7.8,3603.6
470,8.2,3854.0
329,7.6,2500.4
699,7.4,5172.6
851,8.4,7148.400000000001
501,7.7,3857.7
671,7.4,4965.400000000001
725,8.7,6307.499999999999
344,8.5,2924.0
775,8.2,6354.999999999999
372,8.8,3273.6000000000004
349,9.2,3210.8
721,8.3,5984.3
271,9.2,2493.2
289,8.4,2427.6
386,9.1,3512.6
419,7.9,3310.1000000000004
188,7.9,1485.2
196,9.3,1822.8
262,8.1,2122.2
367,8.8,3229.6000000000004
525,7.4,3885.0
298,8.9,2652.2000000000003
552,9.1,5023.2
383,8.8,3370.4
759,8.2,6223.799999999999
358,7.7,2756.6
271,7.8,2113.8
693,9.2,6375.599999999999
591,8.9,5259.900000000001
753,7.7,5798.1
268,9.2,2465.6
655,8.7,5698.499999999999
319,7.4,2360.6
364,9.3,3385.2000000000003
767,7.8,5982.599999999999
623,9.2,5731.599999999999
515,7.4,3811.0
289,7.6,2196.4
186,8.2,1525.1999999999998
466,7.8,3634.8
328,9.1,2984.8
337,8.8,2965.6000000000004
378,8.9,3364.2000000000003
703,8.1,5694.3
287,8.5,2439.5
749,8.4,6291.6
430,8.9,3827.0
321,7.6,2439.6
445,7.6,3382.0
187,8.7,1626.9
340,8.5,2890.0
678,9.2,6237.599999999999
712,7.4,5268.8
304,8.3,2523.2000000000003
307,9.1,2793.7
342,9.2,3146.4
384,8.2,3148.8
565,9.3,5254.5
348,8.9,3097.2000000000003
334,8.2,2738.8
560,8.9,4984.0
553,7.4,4092.2
663,7.4,4906.2
421,8.9,3746.9
426,8.5,3621.0
650,8.9,5785.0
586,7.8,4570.8
635,8.8,5588.0
284,8.8,2499.2000000000003
326,7.7,2510.2000000000003
679,8.3,5635.700000000001
567,8.1,4592.7
391,7.7,3010.7000000000003
787,7.6,5981.2
753,8.1,6099.3
470,8.7,4089.0
695,7.8,5421.0
266,7.4,1968.4
437,7.9,3452.3
496,8.5,4216.0
381,8.4,3200.4
278,9.2,2557.6
315,7.8,2457.0
785,9.2,7221.999999999999
711,7.8,5545.8
760,8.9,6764.0
219,8.2,1795.8
630,9.1,5733.0
265,8.3,2199.5
636,8.4,5342.400000000001
290,8.2,2378.0
567,8.9,5046.3
741,9.2,6817.2
644,7.6,4894.4
285,9.1,2593.5
344,8.1,2786.4
239,8.7,2079.3
294,8.2,2410.8
752,8.9,6692.8
593,8.4,4981.2
803,7.8,6263.4
727,9.1,6615.7
233,9.3,2166.9
297,7.8,2316.6
774,8.1,6269.4
667,8.9,5936.3
722,9.2,6642.4
572,9.3,5319.6
548,8.2,4493.599999999999
604,7.6,4590.4
820,8.9,7298.0
352,9.3,3273.6000000000004
309,9.3,2873.7000000000003
734,8.2,6018.799999999999
683,8.4,5737.2
752,8.8,6617.6
583,7.4,4314.2
336,8.9,2990.4
604,7.7,4650.8
648,8.5,5508.0
765,8.2,6272.999999999999
280,9.2,2576.0
612,7.7,4712.400000000001
774,8.7,6733.799999999999
420,7.9,3318.0
599,9.3,5570.700000000001
424,8.1,3434.4
323,8.5,2745.5
756,7.8,5896.8
391,8.3,3245.3
439,7.9,3468.1000000000004
429,9.2,3946.8
339,8.2,2779.8
385,8.8,3388.0000000000005
723,8.5,6145.5
691,7.8,5389.8
206,8.1,1668.6
817,8.4,6862.8
272,7.7,2094.4
742,8.2,6084.4
531,7.7,4088.7
726,7.8,5662.8
302,9.2,2778.4
426,8.1,3450.6
499,7.4,3692.6
309,9.1,2811.9
847,8.3,7030.1
240,7.9,1896.0
659,7.9,5206.1
620,8.7,5394.0
730,9.2,6715.999999999999
697,7.9,5506.3
192,7.9,1516.8000000000002
673,9.1,6124.3
822,7.6,6247.2
739,7.9,5838.1
510,7.8,3978.0
261,9.3,2427.3
713,7.9,5632.7
242,8.7,2105.4
334,9.2,3072.8
698,7.7,5374.6
698,8.5,5933.0
335,7.4,2479.0
675,7.4,4995.0
383,7.8,2987.4
734,9.3,6826.200000000001
498,9.2,4581.599999999999
582,9.2,5354.4
813,9.3,7560.900000000001
774,7.7,5959.8
312,9.1,2839.2
815,7.7,6275.5
393,8.2,3222.6
619,9.2,5694.799999999999
625,9.3,5812.5
785,7.4,5809.0
625,8.4,5250.0
755,7.9,5964.5
682,7.6,5183.2
277,8.4,2326.8
693,9.1,6306.3
376,7.8,2932.8
409,8.7,3558.3
450,8.7,3915.0
692,7.4,5120.8
290,9.1,2639.0
637,7.8,4968.599999999999
747,7.6,5677.2
441,8.3,3660.3
687,8.2,5633.4
798,8.5,6783.0
297,7.4,2197.8
336,8.4,2822.4
287,9.3,2669.1000000000004
750,8.1,6075.0
265,9.2,2438.0
765,8.4,6426.0
342,8.2,2804.4
719,7.6,5464.4
390,8.1,3159.0
806,8.2,6609.2
595,9.2,5474.0
736,9.2,6771.2
312,7.9,2464.8
458,7.8,3572.4
651,7.4,4817.400000000001
737,8.9,6559.3
351,7.7,2702.7000000000003
280,7.7,2156.0
367,9.2,3376.4
772,7.9,6098.8
263,8.5,2235.5
727,7.8,5670.599999999999
789,7.7,6075.3
798,7.6,6064.799999999999
534,8.5,4539.0
336,9.3,3124.8
796,8.3,6606.8
484,8.3,4017.2
900,8.2,7379.999999999999
363,8.7,3158.1
259,7.7,1994.3
664,7.9,5245.6
270,7.7,2079.0
388,9.3,3608.4
729,7.7,5613.3
201,9.2,1849.2
732,7.6,5563.2
598,7.6,4544.8
573,9.2,5271.599999999999
311,7.7,2394.7000000000003
293,8.7,2549.1
406,9.1,3694.6
381,8.2,3124.2
202,8.9,1797.8000000000002
574,8.5,4879.0
742,8.1,6010.2
339,9.2,3118.8
473,8.9,4209.7
540,7.9,4266.0
235,9.1,2138.5
655,8.9,5829.5
323,9.1,2939.3
464,8.8,4083.2
301,8.2,2468.2
284,8.5,2414.0
796,9.1,7243.599999999999
365,9.1,3321.5
737,8.7,6411.9
502,9.3,4668.6
670,9.1,6097.0
726,8.3,6025.8
325,8.7,2827.4999999999995
307,8.1,2486.7
712,9.2,6550.4
672,8.1,5443.2
336,7.6,2553.6
445,9.3,4138.5
685,7.7,5274.5
288,8.2,2361.6
644,8.1,5216.4
822,8.4,6904.8
726,8.4,6098.400000000001
265,7.9,2093.5
346,7.8,2698.8
390,8.4,3276.0
176,7.8,1372.8
659,8.9,5865.1
790,9.3,7347.000000000001
258,9.2,2373.6
509,9.3,4733.700000000001
729,9.1,6633.9
514,8.8,4523.200000000001
422,8.3,3502.6000000000004
270,9.1,2457.0
346,8.2,2837.2
517,8.2,4239.4
349,9.1,3175.9
746,8.7,6490.2
750,8.2,6149.999999999999
613,7.7,4720.1
320,8.8,2816.0
640,8.9,5696.0
622,8.9,5535.8
253,8.3,2099.9
368,8.5,3128.0
294,7.9,2322.6
741,9.3,6891.3
234,8.1,1895.4
280,8.3,2324.0
814,8.9,7244.6
773,8.8,6802.400000000001
209,8.8,1839.2
748,8.7,6507.599999999999
248,8.9,2207.2000000000003
417,7.9,3294.3
781,8.7,6794.7
398,8.4,3343.2000000000003
253,8.1,2049.3
347,8.7,3018.9
821,7.6,6239.599999999999
390,9.3,3627.000000000001
624,7.7,4804.8
400,9.1,3640.0
910,8.4,7644.0
213,7.4,1576.2
400,8.7,3479.9999999999995
754,8.9,6710.6
726,7.9,5735.400000000001
345,8.1,2794.5
291,9.2,2677.2
429,7.6,3260.4
733,7.4,5424.2
775,8.3,6432.500000000001
323,9.2,2971.6
324,7.6,2462.4
731,7.9,5774.900000000001
656,7.4,4854.400000000001
696,7.6,5289.599999999999
526,8.1,4260.599999999999
548,7.7,4219.6
271,7.4,2005.4
323,7.9,2551.7000000000003
756,8.5,6426.0
649,8.7,5646.299999999999
596,8.4,5006.400000000001
791,8.8,6960.8
708,8.7,6159.599999999999
711,7.6,5403.599999999999
473,8.7,4115.099999999999
687,7.9,5427.3
390,8.5,3315.0
395,7.4,2923.0
692,8.2,5674.4
192,8.9,1708.8000000000002
285,7.4,2109.0
685,8.1,5548.5
644,7.8,5023.2
353,8.8,3106.4
753,8.5,6400.5
301,8.9,2678.9
260,8.8,2288.0
819,7.4,6060.6
458,8.1,3709.8
353,7.6,2682.8
438,8.9,3898.2
474,8.2,3886.8
345,9.2,3173.9999999999995
683,7.8,5327.4
277,9.2,2548.4
277,7.6,2105.2
415,7.8,3237.0
326,8.1,2640.6
366,7.8,2854.8
779,8.8,6855.200000000001
669,8.8,5887.200000000001
188,9.3,1748.4
280,8.9,2492.0
745,7.9,5885.5
585,7.4,4329.0
478,8.8,4206.400000000001
883,8.9,7858.700000000001
508,7.7,3911.6
266,7.6,2021.6
703,8.4,5905.2
404,8.3,3353.2000000000003
375,7.7,2887.5
356,9.2,3275.2
594,8.8,5227.200000000001
270,8.5,2295.0
636,8.3,5278.8
769,8.5,6536.5
234,9.2,2152.8
302,8.1,2446.2
315,9.2,2898.0
864,9.1,7862.4
298,8.5,2533.0
458,8.8,4030.400000000001
737,7.4,5453.8
781,8.3,6482.3
192,8.4,1612.8000000000002
291,8.5,2473.5
910,8.7,7916.999999999999
705,9.3,6556.500000000001
654,7.8,5101.2
632,8.3,5245.6
701,9.3,6519.3
688,7.8,5366.4
708,7.4,5239.2
257,8.2,2107.4
259,9.3,2408.7000000000003
796,7.8,6208.8
360,8.3,2988.0000000000005
801,8.5,6808.5
376,8.3,3120.8
304,8.8,2675.2000000000003
297,9.1,2702.7
752,7.9,5940.8
697,7.8,5436.599999999999
254,8.4,2133.6
324,8.3,2689.2000000000003
430,7.6,3268.0
822,8.2,6740.4
399,8.8,3511.2000000000003
694,9.1,6315.4
811,8.2,6650.2
679,7.8,5296.2
826,9.2,7599.2
776,8.7,6751.2
731,9.3,6798.3
299,9.2,2750.8
295,8.3,2448.5
261,8.5,2218.5
322,8.8,2833.6000000000004
398,8.5,3383.0
276,7.6,2097.6
649,8.4,5451.6
334,8.8,2939.2000000000003
744,8.1,6026.4
170,9.1,1547.0
765,9.3,7114.500000000001
328,8.5,2788.0
491,9.2,4517.2
274,7.4,2027.6
879,7.6,6680.4
768,8.8,6758.400000000001
810,8.3,6723.000000000001
724,7.7,5574.8
317,8.8,2789.6000000000004
750,8.7,6524.999999999999
854,7.4,6319.6
727,8.9,6470.3
225,8.9,2002.5
773,8.2,6338.599999999999
638,7.6,4848.8
591,8.8,5200.8
227,7.7,1747.9
684,8.9,6087.6
313,8.5,2660.5
684,8.5,5814.0
629,8.4,5283.6
353,8.7,3071.1
375,7.4,2775.0
401,8.4,3368.4
442,7.8,3447.6
257,9.1,2338.7
754,7.7,5805.8
768,8.2,6297.599999999999
294,8.4,2469.6
345,9.3,3208.5000000000005
321,8.8,2824.8
345,7.4,2553.0
718,8.7,6246.599999999999
350,8.5,2975.0
281,8.5,2388.5
236,8.5,2006.0
754,7.6,5730.4
536,8.5,4556.0
811,7.7,6244.7
642,8.9,5713.8
662,8.2,5428.4
187,8.1,1514.7
197,9.3,1832.1
361,8.7,3140.7
345,7.9,2725.5
823,8.2,6748.599999999999
389,7.6,2956.4
326,8.9,2901.4
721,8.5,6128.5
687,8.1,5564.7
222,7.8,1731.6
303,8.5,2575.5
739,8.2,6059.799999999999
752,8.4,6316.8
622,8.4,5224.8
814,7.8,6349.2
661,8.4,5552.400000000001
765,7.7,5890.5
349,7.7,2687.3
222,7.6,1687.1999999999998
719,8.1,5823.9
597,7.6,4537.2
805,9.3,7486.500000000001
446,9.1,4058.6
217,8.9,1931.3
331,9.2,3045.2
214,8.3,1776.2
616,8.4,5174.400000000001
327,9.2,3008.4
709,8.8,6239.200000000001
354,7.7,2725.8
509,9.1,4631.9
328,8.7,2853.6
239,7.7,1840.3
670,8.2,5493.999999999999
274,8.4,2301.6
269,9.1,2447.9
795,8.4,6678.0
756,8.9,6728.400000000001
629,9.1,5723.9
420,8.5,3570.0
758,9.1,6897.8
322,7.7,2479.4
703,7.6,5342.8
667,7.7,5135.900000000001
317,8.1,2567.7
769,8.1,6228.9
777,8.2,6371.4
389,9.2,3578.8
562,7.4,4158.8
210,8.5,1785.0
760,7.6,5776.0
199,9.1,1810.9
461,7.8,3595.8
570,9.3,5301.0
598,8.3,4963.400000000001
719,7.9,5680.1
746,8.9,6639.400000000001
224,9.2,2060.8
469,9.3,4361.700000000001
351,7.8,2737.8
666,7.9,5261.400000000001
836,8.2,6855.2
301,9.2,2769.2
756,9.1,6879.599999999999
873,8.2,7158.599999999999
759,9.3,7058.700000000001
646,7.9,5103.400000000001
393,9.1,3576.3
274,8.3,2274.2000000000003
689,8.4,5787.6
344,9.2,3164.8
491,9.3,4566.3
247,8.2,2025.4
338,8.2,2771.6
369,8.3,3062.7000000000003
810,9.1,7371.0
658,8.3,5461.400000000001
461,8.8,4056.8
750,7.8,5850.0
618,8.4,5191.2
702,7.8,5475.599999999999
425,9.2,3910.0
747,8.2,6125.4
299,7.7,2302.3
748,8.5,6358.0
690,7.8,5382.0
300,9.3,2790.0
344,8.3,2855.2000000000003
660,7.7,5082.0
756,8.2,6199.2
494,8.3,4100.200000000001
613,9.1,5578.3
370,8.8,3256.0000000000005
263,8.8,2314.4
290,8.5,2465.0
656,8.3,5444.8
348,7.6,2644.8
279,9.1,2538.9
767,8.9,6826.3
733,9.3,6816.900000000001
227,9.2,2088.4
787,8.4,6610.8
734,7.4,5431.6
414,7.6,3146.4
263,9.2,2419.6
701,8.5,5958.5
787,9.1,7161.7
319,8.7,2775.3
706,9.2,6495.2
343,9.3,3189.9
710,8.1,5751.0
732,8.7,6368.4
706,7.4,5224.400000000001
791,8.1,6407.099999999999
732,8.3,6075.6
398,8.7,3462.6
667,7.6,5069.2
798,8.1,6463.799999999999
670,7.4,4958.0
358,7.4,2649.2000000000003
635,7.8,4953.0
758,8.4,6367.2
595,7.8,4641.0
764,8.3,6341.200000000001
808,9.2,7433.599999999999
436,9.3,4054.8
630,9.2,5796.0
820,8.4,6888.0
717,8.1,5807.7
240,9.2,2208.0
197,8.7,1713.9
281,9.1,2557.1
318,8.4,2671.2000000000003
305,9.2,2806.0
171,8.1,1385.1
657,8.8,5781.6
332,8.7,2888.4
544,8.3,4515.200000000001
570,8.7,4959.0
405,7.9,3199.5
290,8.3,2407.0
770,9.3,7161.000000000001
691,7.7,5320.7
723,8.9,6434.7
670,7.8,5226.0
688,8.9,6123.2
305,9.3,2836.5
280,9.1,2548.0
216,9.1,1965.6
482,7.7,3711.4
351,8.3,2913.3
252,9.3,2343.6000000000004
835,7.7,6429.5
293,8.2,2402.6
286,7.4,2116.4
732,9.1,6661.2
281,8.7,2444.7
286,8.5,2431.0
718,8.5,6103.0
657,8.9,5847.3
329,8.1,2664.9
680,8.5,5780.0
363,8.9,3230.7000000000003
300,7.8,2340.0
690,8.2,5657.999999999999
757,8.7,6585.9
751,9.2,6909.2
718,8.1,5815.8
703,7.9,5553.7
811,8.7,7055.7
368,9.2,3385.6
770,7.9,6083.0
475,7.8,3705.0
259,8.8,2279.2000000000003
263,7.4,1946.2
584,8.7,5080.799999999999
269,8.7,2340.3
725,8.9,6452.5
549,9.3,5105.700000000001
531,7.4,3929.4
728,7.4,5387.2
798,9.3,7421.400000000001
672,7.6,5107.2
239,7.8,1864.2
372,9.2,3422.4
793,7.4,5868.200000000001
398,7.6,3024.8
204,8.1,1652.4
281,8.9,2500.9
678,9.3,6305.400000000001
802,9.3,7458.6
661,7.7,5089.7
621,8.4,5216.400000000001
659,8.2,5403.799999999999
261,8.9,2322.9
716,8.8,6300.8
680,8.1,5508.0
687,8.9,6114.3
388,8.3,3220.4
664,8.5,5644.0
714,8.1,5783.4
676,8.8,5948.8
454,7.8,3541.2
697,9.2,6412.4
481,8.3,3992.3
244,8.7,2122.8
820,8.7,7133.999999999999
193,9.2,1775.6
270,7.9,2133.0
693,8.7,6029.099999999999
162,8.4,1360.8
242,7.6,1839.2
221,9.2,2033.2
665,9.1,6051.5
780,8.1,6318.0
161,7.6,1223.6
331,8.2,2714.2
248,7.9,1959.2
381,9.3,3543.3
407,8.5,3459.5
203,7.6,1542.8
478,8.2,3919.6
720,8.7,6263.999999999999
195,9.1,1774.5
774,9.3,7198.200000000001
600,8.8,5280.0
808,7.7,6221.6
708,8.3,5876.400000000001
748,8.9,6657.2
686,8.9,6105.400000000001
778,8.5,6613.0
634,7.9,5008.6
405,7.7,3118.5
368,8.2,3017.6
735,8.5,6247.5
334,8.3,2772.2000000000003
763,7.8,5951.4
762,7.8,5943.599999999999
782,8.2,6412.4
743,8.2,6092.599999999999
244,8.4,2049.6
268,8.4,2251.2000000000003
316,7.6,2401.6
206,7.9,1627.4
348,7.8,2714.4
255,8.3,2116.5
725,8.5,6162.5
891,9.3,8286.300000000001
396,8.8,3484.8
664,8.4,5577.6
380,8.1,3078.0
786,8.7,6838.2
774,8.8,6811.200000000001
291,8.3,2415.3
310,8.9,2759.0
227,8.3,1884.1
307,8.3,2548.1000000000004
729,8.9,6488.1
424,9.3,3943.2
304,8.1,2462.4
645,7.8,5031.0
717,7.7,5520.900000000001
196,7.9,1548.4
692,7.7,5328.400000000001
796,7.6,6049.599999999999
310,7.6,2356.0
741,8.4,6224.400000000001
830,7.4,6142.0
327,8.8,2877.6000000000004
394,7.8,3073.2
356,7.9,2812.4
319,7.6,2424.4
709,9.2,6522.799999999999
378,9.1,3439.8
293,8.9,2607.7000000000003
626,7.8,4882.8
426,8.9,3791.4
275,7.8,2145.0
202,8.3,1676.6
287,7.6,2181.2
580,8.9,5162.0
363,7.8,2831.4
483,8.9,4298.7
193,8.5,1640.5
220,9.3,2046.0
261,7.7,2009.7
678,7.6,5152.8
245,8.9,2180.5
302,9.3,2808.6000000000004
329,7.4,2434.6
311,7.9,2456.9
281,9.2,2585.2
755,7.6,5738.0
760,9.1,6916.0
221,7.6,1679.6
325,8.8,2860.0000000000005
286,9.1,2602.6
656,8.8,5772.8
827,7.6,6285.2
326,9.1,2966.6
718,8.9,6390.2
656,9.2,6035.2
905,7.4,6697.0
243,8.3,2016.9
768,7.9,6067.200000000001
589,7.7,4535.3
312,8.2,2558.4
398,7.8,3104.4
754,8.4,6333.6
291,7.7,2240.7000000000003
583,7.6,4430.8
658,7.8,5132.4
751,7.8,5857.8
655,8.4,5502.0
278,8.4,2335.2000000000003
831,8.9,7395.900000000001
261,7.4,1931.4
595,8.9,5295.5
603,7.6,4582.8
230,7.4,1702.0
836,8.4,7022.400000000001
385,9.3,3580.5000000000005
701,7.9,5537.900000000001
350,7.6,2660.0
305,7.9,2409.5
289,8.8,2543.2000000000003
757,8.8,6661.6
692,8.5,5882.0
638,7.9,5040.2
710,8.3,5893.000000000001
700,8.3,5810.000000000001
223,8.5,1895.5
748,7.8,5834.4
712,8.1,5767.2
786,7.4,5816.400000000001
744,8.5,6324.0
315,8.8,2772.0
371,7.4,2745.4
464,9.2,4268.799999999999
292,9.2,2686.4
720,9.1,6552.0
367,8.2,3009.4
423,7.6,3214.8
685,9.3,6370.500000000001
833,7.7,6414.1
287,8.8,2525.6000000000004
772,8.9,6870.8
572,7.9,4518.8
627,8.3,5204.1
861,8.2,7060.2
213,7.7,1640.1
208,7.9,1643.2
325,7.6,2470.0
825,8.8,7260.000000000001
784,7.4,5801.6
622,8.7,5411.4
700,7.8,5460.0
775,8.7,6742.499999999999
725,8.2,5944.999999999999
740,8.8,6512.000000000001
215,7.8,1677.0
756,7.6,5745.599999999999
222,8.9,1975.8
542,8.8,4769.6
783,8.3,6498.900000000001
398,9.2,3661.6
286,8.4,2402.4
305,8.4,2562.0
243,9.1,2211.3
404,7.6,3070.4
773,8.4,6493.200000000001
270,7.6,2052.0
831,8.5,7063.5
562,7.6,4271.2
733,9.2,6743.599999999999
872,8.8,7673.6
671,8.3,5569.3
256,8.7,2227.2
264,9.3,2455.2000000000003
821,9.1,7471.099999999999
882,7.4,6526.8
243,7.9,1919.7
372,8.2,3050.4
283,8.4,2377.2000000000003
778,8.4,6535.200000000001
203,8.2,1664.6
364,8.3,3021.2000000000003
576,9.3,5356.8
767,8.3,6366.1
301,8.4,2528.4
373,7.9,2946.7000000000003
718,8.3,5959.400000000001
258,8.4,2167.2000000000003
734,8.4,6165.6
677,8.8,5957.6
466,8.2,3821.2
381,7.6,2895.6
193,7.4,1428.2
505,9.1,4595.5
228,8.4,1915.2
773,8.1,6261.299999999999
181,8.8,1592.8000000000002
808,7.6,6140.799999999999
648,8.7,5637.599999999999
349,8.9,3106.1
757,9.1,6888.7
412,8.3,3419.6000000000004
769,8.2,6305.799999999999
631,8.8,5552.8
288,8.5,2448.0
194,8.4,1629.6
736,8.8,6476.8
332,8.9,2954.8
744,8.4,6249.6
341,8.2,2796.2
319,9.3,2966.7000000000003
601,7.6,4567.599999999999
176,8.2,1443.1999999999998
271,7.6,2059.6
550,9.3,5115.0
688,7.6,5228.8
265,7.6,2014.0
687,9.3,6389.1
350,8.8,3080.0000000000005
711,9.2,6541.2
283,8.5,2405.5
209,7.9,1651.1
248,9.3,2306.4
703,7.7,5413.1
716,8.2,5871.2
693,8.5,5890.5
698,9.2,6421.599999999999
211,8.3,1751.3000000000002
723,7.4,5350.2
730,8.3,6059.000000000001
693,8.9,6167.7
593,8.8,5218.400000000001
776,8.4,6518.400000000001
860,8.1,6966.0
306,9.2,2815.2
812,9.3,7551.6
821,8.4,6896.400000000001
191,9.2,1757.1999999999998
441,7.7,3395.7000000000003
226,8.4,1898.4
267,9.2,2456.4
189,8.5,1606.5
314,8.1,2543.4
760,8.4,6384.0
292,9.3,2715.6000000000004
265,7.8,2067.0
867,8.1,7022.7
765,8.8,6732.000000000001
240,8.1,1944.0
644,8.9,5731.6
846,8.4,7106.400000000001
333,7.6,2530.8
413,8.3,3427.9
348,7.7,2679.6
664,9.3,6175.200000000001
789,8.3,6548.700000000001
799,8.1,6471.9
784,8.1,6350.4
618,7.9,4882.2
357,8.1,2891.7
727,8.1,5888.7
279,7.4,2064.6
802,7.6,6095.2
730,9.1,6643.0
643,7.4,4758.2
750,7.4,5550.0
685,8.3,5685.500000000001
740,9.2,6807.999999999999
650,7.9,5135.0
879,8.2,7207.799999999999
367,8.3,3046.1000000000004
213,9.2,1959.6
585,8.8,5148.0
209,8.3,1734.7
777,7.4,5749.8
438,7.6,3328.8
852,7.7,6560.400000000001
674,7.4,4987.6
771,8.5,6553.5
630,7.8,4914.0
826,8.7,7186.2
314,8.2,2574.8
722,8.8,6353.6
287,7.7,2209.9
333,8.9,2963.7000000000003
291,8.4,2444.4
687,8.5,5839.5
330,8.4,2772.0
819,7.7,6306.3
745,8.5,6332.5
260,7.4,1924.0
495,7.7,3811.5
796,8.1,6447.599999999999
276,7.9,2180.4
294,8.3,2440.2000000000003
742,9.1,6752.2
745,8.3,6183.500000000001
785,8.3,6515.500000000001
329,7.8,2566.2
335,8.3,2780.5000000000005
144,8.4,1209.6
284,7.6,2158.4
800,8.3,6640.000000000001
738,8.9,6568.2
728,8.9,6479.2
361,8.1,2924.1
749,7.6,5692.4
630,8.2,5166.0
160,7.9,1264.0
766,8.1,6204.599999999999
735,8.2,6026.999999999999
670,7.7,5159.0
614,8.8,5403.200000000001
725,7.9,5727.5
254,8.5,2159.0
268,7.4,1983.2
727,8.8,6397.6
705,8.4,5922.0
707,8.3,5868.1
244,8.5,2074.0
174,9.3,1618.2
252,8.5,2142.0
694,7.4,5135.6
168,9.3,1562.4
184,8.2,1508.8
357,7.6,2713.2
298,9.2,2741.6
224,7.8,1747.2
228,9.3,2120.4
758,9.2,6973.599999999999
315,8.5,2677.5
775,7.6,5890.0
563,7.6,4278.8
303,7.6,2302.8
780,8.7,6785.999999999999
715,8.3,5934.500000000001
705,7.4,5217.0
251,8.7,2183.7
284,8.4,2385.6
234,8.3,1942.2000000000005
339,7.9,2678.1
668,8.4,5611.2
297,8.4,2494.8
764,8.9,6799.6
761,8.4,6392.400000000001
365,7.7,2810.5
723,9.3,6723.900000000001
370,7.7,2849.0
783,7.9,6185.700000000001
376,8.7,3271.2
288,7.7,2217.6
329,9.2,3026.8
716,8.5,6086.0
726,8.2,5953.2
511,8.8,4496.8
272,8.1,2203.2
232,7.7,1786.4
713,8.4,5989.2
721,7.9,5695.900000000001
794,7.4,5875.6
862,8.5,7327.0
227,9.3,2111.1000000000004
770,8.8,6776.000000000001
220,8.1,1782.0
786,9.1,7152.599999999999
695,7.4,5143.0
444,8.9,3951.6
319,9.1,2902.9
314,7.4,2323.6
658,9.1,5987.8
807,9.1,7343.7
899,8.2,7371.799999999999
241,8.1,1952.1
315,7.7,2425.5
400,8.3,3320.0000000000005
257,8.5,2184.5
220,7.6,1672.0
322,8.9,2865.8
268,8.5,2278.0
185,7.8,1443.0
499,8.3,4141.700000000001
753,8.2,6174.599999999999
800,7.4,5920.0
784,8.9,6977.6
394,8.9,3506.6000000000004
258,7.6,1960.8
180,7.8,1404.0
199,8.7,1731.3
286,8.7,2488.2
305,8.8,2684.0
738,8.5,6273.0
316,8.2,2591.2
752,8.2,6166.4
746,8.1,6042.599999999999
831,7.4,6149.400000000001
682,8.1,5524.2
376,9.3,3496.8
232,8.2,1902.4
860,9.1,7826.0
800,9.1,7280.0
388,7.9,3065.2000000000003
296,9.1,2693.6
253,9.2,2327.6
854,7.9,6746.6
723,7.7,5567.1
282,7.6,2143.2
318,8.7,2766.6
244,9.2,2244.8
755,8.1,6115.5
817,8.8,7189.6
326,8.5,2771.0
705,8.3,5851.500000000001
765,7.8,5967.0
674,7.7,5189.8
758,8.9,6746.2
681,8.4,5720.400000000001
755,7.4,5587.0
628,7.9,4961.2
261,7.6,1983.6
257,7.8,2004.6
366,8.5,3111.0
624,7.6,4742.4
319,8.8,2807.2000000000003
776,7.6,5897.599999999999
744,9.1,6770.4
766,7.7,5898.2
406,8.4,3410.4
332,8.1,2689.2
283,8.9,2518.7000000000003
866,9.2,7967.2
689,7.9,5443.1
714,7.9,5640.6
355,8.1,2875.5
314,8.8,2763.2000000000003
230,8.2,1886.0
858,7.9,6778.200000000001
393,8.7,3419.1
828,8.9,7369.200000000001
756,8.1,6123.599999999999
351,8.8,3088.8
718,7.7,5528.6
279,7.6,2120.4
401,8.9,3568.9
186,8.7,1618.1999999999998
743,8.4,6241.2
381,8.9,3390.9
296,8.7,2575.2
274,8.9,2438.6
730,8.7,6350.999999999999
262,9.2,2410.4
691,8.5,5873.5
697,8.9,6203.3
794,9.3,7384.200000000001
258,8.8,2270.4
307,8.4,2578.8
805,8.8,7084.000000000001
757,8.5,6434.5
267,7.6,2029.2
632,7.6,4803.2
784,7.7,6036.8
337,8.1,2729.7
907,7.7,6983.900000000001
702,8.7,6107.4
480,8.9,4272.0
708,8.9,6301.2
394,7.7,3033.8
541,7.4,4003.4
802,9.2,7378.4
267,7.9,2109.3
749,9.3,6965.700000000001
708,8.2,5805.599999999999
829,8.3,6880.700000000001
754,8.2,6182.799999999999
734,9.2,6752.799999999999
689,7.7,5305.3
751,8.9,6683.900000000001
742,7.4,5490.8
766,7.6,5821.599999999999
724,9.1,6588.4
313,7.6,2378.8
706,7.9,5577.400000000001
654,8.4,5493.6
447,7.7,3441.9
751,8.5,6383.5
815,8.8,7172.000000000001
643,7.7,4951.1
279,8.5,2371.5
364,7.8,2839.2
697,8.7,6063.9
295,8.7,2566.5
881,8.5,7488.5
775,7.9,6122.5
406,9.3,3775.8
165,8.3,1369.5000000000002
356,8.3,2954.8
236,8.8,2076.8
836,7.9,6604.400000000001
326,8.4,2738.4
798,9.1,7261.799999999999
792,9.1,7207.2
798,7.9,6304.200000000001
294,7.6,2234.4
321,8.5,2728.5
719,8.2,5895.799999999999
215,9.1,1956.5
661,7.8,5155.8
258,8.1,2089.8
342,9.1,3112.2
838,7.8,6536.4
791,7.9,6248.900000000001
284,8.1,2300.4
313,8.3,2597.9
708,7.6,5380.8
803,8.4,6745.200000000001
275,8.9,2447.5
724,8.5,6154.0
316,7.8,2464.8
469,7.7,3611.3
240,8.8,2112.0
627,8.8,5517.6
577,7.4,4269.8
674,8.5,5729.0
289,9.1,2629.9
295,7.8,2301.0
689,8.2,5649.799999999999
738,9.1,6715.8
687,7.7,5289.900000000001
219,8.8,1927.2
206,8.7,1792.1999999999998
260,8.2,2132.0
615,7.6,4674.0
740,7.6,5624.0
677,7.7,5212.900000000001
228,9.1,2074.8
240,8.2,1968.0
271,7.9,2140.9
780,8.2,6395.999999999999
192,9.2,1766.4
770,8.5,6545.0
621,9.1,5651.099999999999
803,9.3,7467.900000000001
255,7.8,1989.0
509,7.8,3970.2
758,8.2,6215.599999999999
224,7.9,1769.6
412,7.7,3172.4
854,7.7,6575.8
769,7.7,5921.3
231,7.8,1801.8
513,8.4,4309.2
826,7.9,6525.400000000001
862,7.8,6723.599999999999
244,7.7,1878.8
337,8.5,2864.5
377,8.8,3317.6000000000004
715,7.8,5577.0
333,9.3,3096.9
693,8.4,5821.2
225,8.5,1912.5
388,7.4,2871.2000000000003
194,7.6,1474.4
731,8.1,5921.099999999999
285,8.5,2422.5
293,8.1,2373.3
255,9.3,2371.5
342,9.3,3180.6000000000004
224,8.1,1814.4
789,7.9,6233.1
234,8.2,1918.8
318,8.3,2639.4
802,7.9,6335.8
230,7.6,1748.0
774,8.4,6501.6
177,8.2,1451.4
711,8.8,6256.8
237,8.7,2061.9
275,8.1,2227.5
276,7.8,2152.8
314,9.1,2857.4
319,7.8,2488.2
323,7.8,2519.4
818,8.5,6953.0
743,7.7,5721.1
422,8.4,3544.8
691,9.2,6357.2
198,8.8,1742.4
203,8.1,1644.3
772,9.2,7102.4
329,7.9,2599.1
221,8.3,1834.3
755,9.1,6870.5
298,8.2,2443.6
762,8.3,6324.6
363,8.1,2940.3
682,7.8,5319.599999999999
799,7.4,5912.6
254,8.8,2235.2000000000003
307,7.9,2425.3
683,7.4,5054.2
191,8.5,1623.5
255,7.7,1963.5
280,9.3,2604.0
250,8.5,2125.0
726,7.6,5517.599999999999
287,7.8,2238.6
714,9.3,6640.200000000001
760,8.1,6156.0
472,8.8,4153.6
702,7.7,5405.400000000001
230,8.7,2001.0
233,8.8,2050.4
731,8.2,5994.2
338,8.3,2805.4
741,8.8,6520.8
327,7.6,2485.2
241,7.4,1783.4
630,8.4,5292.0
738,7.7,5682.6
250,8.2,2050.0
253,7.7,1948.1
313,9.2,2879.6
796,8.5,6766.0
279,8.7,2427.3
691,8.7,6011.7
300,9.2,2760.0
852,8.4,7156.8
244,9.3,2269.2000000000003
644,8.7,5602.799999999999
198,8.3,1643.4
770,7.4,5698.0
843,7.9,6659.700000000001
204,9.3,1897.2
716,9.2,6587.2
809,9.1,7361.9
698,8.8,6142.400000000001
266,8.7,2314.2
720,7.8,5616.0
786,8.1,6366.599999999999
842,8.1,6820.2
715,9.2,6577.999999999999
235,8.5,1997.5
699,7.9,5522.1
748,8.1,6058.8
232,8.3,1925.6
192,7.8,1497.6
230,7.8,1794.0
296,8.9,2634.4
203,7.7,1563.1
197,8.2,1615.4
745,8.9,6630.5
717,9.3,6668.1
788,8.3,6540.400000000001
282,7.8,2199.6
744,7.4,5505.6
767,9.2,7056.4
736,7.4,5446.400000000001
114,9.2,1048.8
877,9.2,8068.4
286,8.8,2516.8
324,8.9,2883.6
326,8.8,2868.8
898,9.1,8171.799999999999
234,7.4,1731.6
184,7.9,1453.6
728,8.8,6406.400000000001
796,8.8,7004.8
724,9.2,6660.799999999999
334,7.7,2571.8
340,9.2,3127.9999999999995
881,7.6,6695.599999999999
305,9.1,2775.5
676,9.3,6286.8
675,8.2,5534.999999999999
712,8.8,6265.6
788,8.1,6382.799999999999
859,8.8,7559.200000000001
214,9.2,1968.8
653,7.8,5093.4
760,7.8,5928.0
226,8.2,1853.2
751,8.1,6083.099999999999
794,8.3,6590.200000000001
755,9.2,6945.999999999999
785,8.9,6986.5
325,7.7,2502.5
252,8.4,2116.8
783,8.7,6812.099999999999
680,7.6,5168.0
757,8.1,6131.7
251,9.2,2309.2
292,8.2,2394.4
883,8.1,7152.299999999999
779,8.2,6387.799999999999
709,7.8,5530.2
803,7.9,6343.700000000001
779,9.2,7166.799999999999
342,8.8,3009.6000000000004
305,8.5,2592.5
435,8.4,3654.0
690,7.9,5451.0
354,7.4,2619.6
193,7.8,1505.4
387,7.8,3018.6
776,9.2,7139.2
353,8.5,3000.5
259,8.2,2123.8
336,9.2,3091.2
274,8.8,2411.2000000000003
690,8.3,5727.000000000001
240,7.8,1872.0
244,8.9,2171.6
712,8.5,6052.0
760,7.4,5624.0
838,8.2,6871.599999999999
714,8.9,6354.6
722,7.7,5559.400000000001
744,8.9,6621.6
258,8.3,2141.4
288,8.8,2534.4
250,9.3,2325.0
707,8.4,5938.8
200,7.9,1580.0
807,8.7,7020.9
785,8.5,6672.5
772,7.8,6021.599999999999
185,8.3,1535.5000000000002
236,7.8,1840.8
711,7.9,5616.900000000001
802,7.7,6175.400000000001
332,7.8,2589.6
706,8.1,5718.599999999999
668,9.1,6078.8
747,9.3,6947.1
234,7.9,1848.6
774,9.2,7120.799999999999
195,8.9,1735.5
257,8.1,2081.7
781,7.7,6013.7
279,7.9,2204.1
266,8.1,2154.6
778,8.3,6457.400000000001
841,8.3,6980.3
264,8.3,2191.2000000000003
301,8.8,2648.8
776,8.1,6285.599999999999
738,7.9,5830.2
206,8.5,1751.0
866,8.3,7187.8
336,8.7,2923.2
787,8.1,6374.7
702,7.4,5194.8
230,8.9,2047.0
801,8.4,6728.400000000001
778,9.3,7235.400000000001
297,8.5,2524.5
679,9.1,6178.9
279,8.8,2455.2000000000003
725,9.1,6597.5
802,8.8,7057.6
761,7.6,5783.599999999999
844,8.9,7511.6
690,9.1,6279.0
730,8.1,5913.0
182,8.2,1492.4
862,9.3,8016.6
301,7.4,2227.4
205,8.2,1680.9999999999998
328,9.3,3050.4
731,8.5,6213.5
339,8.8,2983.2000000000003
718,7.4,5313.2
838,9.3,7793.400000000001
379,8.9,3373.1
870,7.9,6873.0
672,9.3,6249.6
263,8.4,2209.2000000000003
761,7.8,5935.8
308,7.4,2279.2000000000003
710,9.2,6531.999999999999
818,8.3,6789.400000000001
723,8.2,5928.599999999999
238,7.9,1880.2
708,9.2,6513.599999999999
633,8.2,5190.599999999999
216,7.8,1684.8
341,7.6,2591.6
243,7.8,1895.4
294,9.2,2704.8
251,9.3,2334.3
705,8.5,5992.5
453,7.8,3533.4
654,8.7,5689.799999999999
761,8.2,6240.2
696,7.8,5428.8
340,8.7,2957.9999999999995
135,9.2,1242.0
466,9.2,4287.2
727,7.7,5597.900000000001
768,9.1,6988.799999999999
143,8.4,1201.2
300,8.5,2550.0
777,9.1,7070.7
744,7.8,5803.2
444,7.6,3374.4
214,8.8,1883.2
241,8.4,2024.4
853,8.8,7506.400000000001
728,8.5,6188.0
200,8.4,1680.0
728,9.2,6697.599999999999
299,7.9,2362.1
225,7.4,1665.0
749,7.7,5767.3
745,8.2,6108.999999999999
380,7.8,2964.0
296,7.6,2249.6
235,8.9,2091.5
312,8.5,2652.0
302,9.1,2748.2
275,7.6,2090.0
264,8.9,2349.6
324,8.5,2754.0
814,8.3,6756.200000000001
772,7.4,5712.8
837,7.9,6612.3
296,7.8,2308.8
283,7.7,2179.1
788,9.2,7249.599999999999
331,8.4,2780.4
193,7.9,1524.7
775,8.8,6820.000000000001
247,8.1,2000.7
777,8.1,6293.7
213,8.2,1746.6
743,7.9,5869.7
246,7.9,1943.4
768,8.5,6528.0
299,8.8,2631.2000000000003
727,8.5,6179.5
320,7.7,2464.0
813,8.1,6585.299999999999
702,8.2,5756.4
336,7.8,2620.8
330,9.1,3003.0
817,7.8,6372.599999999999
812,7.4,6008.8
276,8.2,2263.2
237,9.1,2156.7
799,9.2,7350.799999999999
765,9.1,6961.5
819,9.2,7534.799999999999
792,8.7,6890.4
776,7.8,6052.8
824,8.5,7004.0
787,8.3,6532.1
917,8.4,7702.8
234,7.7,1801.8
184,8.3,1527.2
783,7.7,6029.1
723,8.1,5856.3
309,8.3,2564.7000000000003
711,8.9,6327.900000000001
681,7.4,5039.400000000001
746,8.8,6564.8
739,9.1,6724.9
256,8.1,2073.6
535,7.8,4173.0
722,7.9,5703.8
721,7.4,5335.400000000001
359,8.8,3159.2000000000003
772,9.1,7025.2
873,8.1,7071.299999999999
224,8.9,1993.6
711,8.5,6043.5
295,9.1,2684.5
237,7.7,1824.9
228,7.8,1778.4
749,8.1,6066.9
874,8.3,7254.200000000001
803,8.2,6584.599999999999
684,7.8,5335.2
803,8.5,6825.5
841,8.8,7400.8
800,8.9,7120.0
893,7.9,7054.700000000001
867,7.8,6762.599999999999
241,9.3,2241.3
732,8.4,6148.8
335,7.8,2613.0
741,7.7,5705.7
740,8.2,6067.999999999999
728,8.7,6333.599999999999
724,8.1,5864.4
814,9.1,7407.4
259,7.8,2020.2
227,8.4,1906.8
834,7.7,6421.8
271,7.7,2086.7000000000003
753,9.2,6927.599999999999
247,8.7,2148.9
868,8.4,7291.200000000001
381,7.9,3009.9
704,8.9,6265.6
741,8.1,6002.099999999999
763,8.9,6790.7
738,7.8,5756.4
744,7.9,5877.6
737,9.2,6780.4
741,7.4,5483.400000000001
830,8.1,6723.0
312,8.1,2527.2
772,8.8,6793.6
269,9.2,2474.8
856,7.6,6505.599999999999
188,8.7,1635.6
788,7.9,6225.200000000001
844,9.2,7764.799999999999
330,8.2,2705.9999999999995
235,7.7,1809.5
277,8.7,2409.9
763,9.1,6943.3
789,8.2,6469.799999999999
292,9.1,2657.2
272,8.9,2420.8
293,9.3,2724.9
170,7.9,1343.0
345,7.7,2656.5
309,8.9,2750.1
311,8.8,2736.8
215,8.3,1784.5000000000002
265,8.4,2226.0
250,7.6,1900.0
696,8.7,6055.2
734,7.8,5725.2
220,7.8,1716.0
816,8.4,6854.400000000001
153,8.5,1300.5
211,7.9,1666.9
393,7.8,3065.4
317,8.4,2662.8
263,7.9,2077.7000000000003
201,8.4,1688.4
296,9.2,2723.2
736,9.1,6697.599999999999
254,7.8,1981.2
307,9.2,2824.4
779,8.7,6777.299999999999
218,9.3,2027.4
849,8.5,7216.5
679,9.2,6246.799999999999
730,7.8,5694.0
363,8.8,3194.4
228,7.6,1732.8
749,9.1,6815.9
846,7.8,6598.8
220,8.9,1958.0
236,9.3,2194.8
708,7.8,5522.4
750,8.5,6375.0
265,9.1,2411.5
757,9.3,7040.1
223,9.2,2051.6
224,9.3,2083.2000000000003
814,8.5,6919.0
777,8.9,6915.3
795,7.4,5883.0
229,7.4,1694.6
246,7.7,1894.2
356,8.5,3026.0
862,9.2,7930.4
794,8.7,6907.799999999999
759,7.8,5920.2
198,7.8,1544.4
851,8.7,7403.7
647,8.5,5499.5
714,7.4,5283.6
699,8.2,5731.799999999999
302,7.8,2355.6
678,8.7,5898.599999999999
779,7.9,6154.1
347,7.8,2706.6
882,9.3,8202.6
217,8.2,1779.4
311,7.4,2301.4
290,7.6,2204.0
231,8.2,1894.2
343,8.8,3018.4
825,8.5,7012.5
290,8.7,2523.0
260,8.5,2210.0
716,8.7,6229.2
245,7.6,1862.0
265,8.7,2305.5
757,8.4,6358.8
623,8.1,5046.3
291,7.4,2153.4
297,9.2,2732.4
283,7.8,2207.4
641,8.2,5256.2
309,8.2,2533.8
223,9.1,2029.3
263,8.7,2288.1
761,7.9,6011.900000000001
711,8.4,5972.400000000001
255,8.7,2218.5
278,7.7,2140.6
203,7.9,1603.7
720,7.6,5472.0
347,7.9,2741.3
296,7.7,2279.2000000000003
749,8.2,6141.799999999999
252,8.1,2041.2
679,7.6,5160.4
268,8.3,2224.4
266,9.3,2473.8
256,9.3,2380.8
301,8.5,2558.5
747,7.7,5751.900000000001
291,8.9,2589.9
148,7.7,1139.6
608,7.7,4681.6
131,9.2,1205.1999999999998
229,8.8,2015.2000000000005
827,9.2,7608.4
352,8.9,3132.8
821,8.9,7306.900000000001
236,9.1,2147.6
323,8.3,2680.9
732,8.9,6514.8
840,7.4,6216.0
208,8.7,1809.6
296,7.9,2338.4
379,8.4,3183.6
413,7.6,3138.8
892,7.8,6957.599999999999
763,8.2,6256.599999999999
805,8.1,6520.5
716,7.9,5656.400000000001
257,7.4,1901.8
247,9.1,2247.7
354,8.2,2902.8
271,8.9,2411.9
730,7.6,5548.0
215,9.2,1978.0
219,9.1,1992.9
851,9.3,7914.3
900,8.1,7290.0
805,8.4,6762.0
842,8.8,7409.6
284,8.3,2357.2000000000003
284,7.7,2186.8
243,7.4,1798.2
856,7.8,6676.8
836,9.1,7607.599999999999
304,9.1,2766.4
203,8.4,1705.2
800,9.2,7359.999999999999
309,8.1,2502.9
267,8.8,2349.6000000000004
378,8.3,3137.4
234,8.8,2059.2000000000003
782,8.3,6490.6
803,8.9,7146.700000000001
715,8.5,6077.5
833,7.9,6580.700000000001
366,8.7,3184.2
396,9.3,3682.8
262,7.4,1938.8
682,9.3,6342.6
792,8.9,7048.8
318,8.2,2607.6
291,7.9,2298.9
232,8.5,1972.0
718,9.2,6605.599999999999
269,7.7,2071.3
724,7.6,5502.4
298,7.7,2294.6
784,8.5,6664.0
758,7.7,5836.6
663,7.8,5171.4
227,8.9,2020.3
303,8.2,2484.6
770,8.9,6853.0
270,8.2,2214.0
216,8.4,1814.4
742,8.3,6158.6
684,9.2,6292.799999999999
740,8.5,6290.0
709,8.9,6310.1
261,7.9,2061.9
750,8.8,6600.000000000001
248,8.8,2182.4
179,7.6,1360.4
771,7.8,6013.8
251,8.5,2133.5
845,8.4,7098.0
744,9.3,6919.200000000001
792,9.3,7365.6
229,7.7,1763.3
662,8.3,5494.6
817,7.4,6045.8
232,7.8,1809.6
214,8.2,1754.8
292,8.5,2482.0
272,7.4,2012.8
894,8.3,7420.200000000001
206,9.3,1915.8
843,7.6,6406.799999999999
739,8.5,6281.5
815,8.5,6927.5
757,7.7,5828.900000000001
763,8.5,6485.5
663,9.3,6165.900000000001
255,8.8,2244.0
793,8.4,6661.200000000001
748,7.9,5909.2
790,8.3,6557.000000000001
742,7.7,5713.400000000001
777,7.8,6060.599999999999
761,7.4,5631.400000000001
737,8.4,6190.8
252,7.7,1940.4
770,7.7,5929.0
216,8.3,1792.8000000000002
778,7.9,6146.200000000001
820,7.4,6068.0
819,8.1,6633.9
295,8.5,2507.5
788,8.5,6698.0
768,7.6,5836.799999999999
741,7.9,5853.900000000001
809,7.4,5986.6
766,8.3,6357.8
726,7.7,5590.2
190,7.7,1463.0
863,8.2,7076.599999999999
234,8.4,1965.6
801,7.7,6167.7
276,7.7,2125.2000000000003
804,8.2,6592.799999999999
224,8.4,1881.6
870,7.8,6786.0
761,9.2,7001.2
718,9.1,6533.8
772,8.4,6484.8
268,8.1,2170.8
291,8.7,2531.7
229,7.6,1740.4
715,8.7,6220.499999999999
767,7.9,6059.3
230,7.7,1771.0
775,8.4,6510.0
294,9.1,2675.4
708,8.5,6018.0
817,8.9,7271.3
252,8.8,2217.6000000000004
265,9.3,2464.5
729,9.2,6706.799999999999
281,7.9,2219.9
813,7.7,6260.1
892,9.2,8206.4
877,8.1,7103.7
209,9.3,1943.7
769,8.9,6844.1
174,7.4,1287.6
790,8.8,6952.000000000001
229,8.9,2038.1
861,9.2,7921.2
250,7.4,1850.0
181,8.1,1466.1
266,8.8,2340.8
291,9.3,2706.3
326,7.6,2477.6
237,7.8,1848.6
197,8.8,1733.6
681,8.3,5652.3
824,8.9,7333.6
324,8.1,2624.4
816,9.3,7588.8
885,9.3,8230.5
790,7.6,6004.0
654,8.3,5428.200000000001
784,7.8,6115.2
274,7.9,2164.6
279,8.3,2315.7000000000003
211,8.5,1793.5
801,8.3,6648.3
307,9.3,2855.1000000000004
707,7.7,5443.900000000001
242,9.3,2250.6000000000004
245,7.8,1911.0
232,7.9,1832.8
357,8.8,3141.6000000000004
766,8.5,6511.0
690,7.7,5313.0
703,9.1,6397.3
800,7.6,6080.0
156,7.6,1185.6
249,8.8,2191.2000000000003
771,9.3,7170.3
373,8.8,3282.4
770,9.1,7007.0
851,8.8,7488.8
711,7.4,5261.400000000001
260,7.9,2054.0
722,8.2,5920.4
210,8.3,1743.0000000000002
253,8.8,2226.4
305,7.4,2257.0
789,7.6,5996.4
234,9.3,2176.2000000000003
231,7.4,1709.4
827,8.7,7194.9
241,7.6,1831.6
803,7.4,5942.200000000001
775,8.9,6897.5
268,7.8,2090.4
304,8.2,2492.8
778,8.9,6924.200000000001
648,7.8,5054.4
209,8.2,1713.8
765,9.2,7037.999999999999
861,8.5,7318.5
764,7.9,6035.6
